{
    "info": "Last iterated fit from circle_fit.py",
    "region file": "j8oc18010_wcs/LL2-forma.reg",
    "FITS file": "j8oc18010_wcs/LL2-Bally_18-extract.fits",
    "d theta": 70,
    "Pi": 4.535723272739332,
    "Lambda": 3.235363795968186,
    "d Lambda": 0.0035963658067925675,
    "R0": 43.45451387909107,
    "axis angle": -45.46441267935309
}