{
    "info": "Last iterated fit from circle_fit.py",
    "region file": "j8oc18010_wcs/LL2-forma.reg",
    "FITS file": "j8oc18010_wcs/LL2-Bally_18-extract.fits",
    "d theta": 65,
    "Pi": 4.044348058824232,
    "Lambda": 3.856726604604232,
    "d Lambda": 0.049570238479415885,
    "R0": 79.7281914741053,
    "axis angle": -50.332205753178584
}