{
    "info": "Last iterated fit from circle_fit.py",
    "region file": "j8oc18010_wcs/LL2-forma.reg",
    "FITS file": "j8oc18010_wcs/LL2-Bally_18-extract.fits",
    "d theta": 70,
    "Pi": 4.353261879917567,
    "Lambda": 3.9290834805587087,
    "d Lambda": 0.17123107437766993,
    "R0": 79.3078462972727,
    "axis angle": -49.80283992762463
}