{
    "info": "Last iterated fit from circle_fit.py",
    "region file": "j8oc18010_wcs/LL2-forma.reg",
    "FITS file": "j8oc18010_wcs/LL2-Bally_18-extract.fits",
    "d theta": 75,
    "Pi": 5.4337610182308955,
    "Lambda": 3.947906483993011,
    "d Lambda": 0.04412814970863854,
    "R0": 77.83539284914222,
    "axis angle": -50.362411249466206
}