{
    "info": "Last iterated fit from circle_fit.py",
    "region file": "j8oc18010_wcs/LL2-forma.reg",
    "FITS file": "j8oc18010_wcs/LL2-Bally_18-extract.fits",
    "d theta": 60,
    "Pi": 3.912939796370303,
    "Lambda": 3.8071005389620893,
    "d Lambda": -0.08122388314525542,
    "R0": 79.89982498790461,
    "axis angle": -51.03626160336906
}