{
    "info": "Last iterated fit from circle_fit.py",
    "region file": "j8oc18010_wcs/LL2-forma.reg",
    "FITS file": "j8oc18010_wcs/LL2-Bally_18-extract.fits",
    "d theta": 65,
    "Pi": 5.199487854296943,
    "Lambda": 3.332924069640077,
    "d Lambda": 0.21278321060834737,
    "R0": 42.297011432550356,
    "axis angle": -43.10587539064394
}