{
    "info": "Last iterated fit from circle_fit.py",
    "region file": "j8oc24010_wcs/LL4-forma.reg",
    "FITS file": "j8oc24010_wcs/LL4-Bally_24-extract.fits",
    "d theta": 70,
    "Pi": 3.1119183343770827,
    "Lambda": 2.909693052698812,
    "d Lambda": -0.13741126703468787,
    "R0": 51.292994609260575,
    "axis angle": -1.9833321472879992
}