{
    "info": "Last iterated fit from circle_fit.py",
    "region file": "j8oc24010_wcs/LL4-forma.reg",
    "FITS file": "j8oc24010_wcs/LL4-Bally_24-extract.fits",
    "d theta": 60,
    "Pi": 3.4108450467879456,
    "Lambda": 3.0051718657728212,
    "d Lambda": 0.2164995266458838,
    "R0": 29.36801290700438,
    "axis angle": 3.1753821433316665
}