{"dDEC": 0.2100000000005764, "dRA": -0.13438366992244585}