{
    "info": "Last iterated fit from circle_fit.py",
    "region file": "j8oc24010_wcs/LL4-forma.reg",
    "FITS file": "j8oc24010_wcs/LL4-Bally_24-extract.fits",
    "d theta": 75,
    "Pi": 3.5155236346828884,
    "Lambda": 2.947309412987808,
    "d Lambda": -0.10637776843045965,
    "R0": 50.67368563916977,
    "axis angle": -1.5183941812854231
}