{
    "info": "Last iterated fit from circle_fit.py",
    "region file": "j8oc24010_wcs/LL4-forma.reg",
    "FITS file": "j8oc24010_wcs/LL4-Bally_24-extract.fits",
    "d theta": 75,
    "Pi": 3.371605848640949,
    "Lambda": 2.9705773054995177,
    "d Lambda": 0.06413825342906398,
    "R0": 29.385263880463725,
    "axis angle": 1.4039303855904408
}