{
    "info": "Last iterated fit from circle_fit.py",
    "region file": "j8oc24010_wcs/LL4-forma.reg",
    "FITS file": "j8oc24010_wcs/LL4-Bally_24-extract.fits",
    "d theta": 65,
    "Pi": 2.875173299125281,
    "Lambda": 2.892669754668912,
    "d Lambda": -0.10571683188273107,
    "R0": 51.62949207133375,
    "axis angle": -1.5374260686622772
}