{
    "info": "Last iterated fit from circle_fit.py",
    "region file": "j8oc17010_wcs/4417-653-forma.reg",
    "FITS file": "j8oc17010_wcs/4417-653-Bally_17-extract.fits",
    "d theta": 80,
    "Pi": 4.437731642895014,
    "Lambda": 3.179893710897356,
    "d Lambda": -0.11904400914867663,
    "R0": 14.335142483987076,
    "axis angle": -9.994479241239633
}