{
    "info": "Last iterated fit from circle_fit.py",
    "region file": "j8oc17010_wcs/4417-653-forma.reg",
    "FITS file": "j8oc17010_wcs/4417-653-Bally_17-extract.fits",
    "d theta": 50,
    "Pi": 5.650058690339994,
    "Lambda": 3.3300620061364175,
    "d Lambda": -0.5690232154500519,
    "R0": 14.311846155907007,
    "axis angle": -13.599557048392867
}