{
    "info": "Last iterated fit from circle_fit.py",
    "region file": "j8oc17010_wcs/4417-653-forma.reg",
    "FITS file": "j8oc17010_wcs/4417-653-Bally_17-extract.fits",
    "d theta": 65,
    "Pi": 3.6707416299605855,
    "Lambda": 3.1769253103825363,
    "d Lambda": 0.0011849256430178645,
    "R0": 24.00204800023314,
    "axis angle": -9.213445581521277
}