{
    "info": "Last iterated fit from circle_fit.py",
    "region file": "j8oc17010_wcs/4417-653-forma.reg",
    "FITS file": "j8oc17010_wcs/4417-653-Bally_17-extract.fits",
    "d theta": 45,
    "Pi": 3.6029200955523164,
    "Lambda": 3.1726463353463865,
    "d Lambda": -0.02658992372653457,
    "R0": 24.03355069773892,
    "axis angle": -9.554164743696358
}