{
    "info": "Last iterated fit from circle_fit.py",
    "region file": "j8oc17010_wcs/4417-653-forma.reg",
    "FITS file": "j8oc17010_wcs/4417-653-Bally_17-extract.fits",
    "d theta": 70,
    "Pi": 4.252287367816758,
    "Lambda": 3.209368193692246,
    "d Lambda": 0.05108804843925441,
    "R0": 23.761645135161025,
    "axis angle": -8.609469270892916
}