{
    "info": "Last iterated fit from circle_fit.py",
    "region file": "j8oc17010_wcs/4417-653-forma.reg",
    "FITS file": "j8oc17010_wcs/4417-653-Bally_17-extract.fits",
    "d theta": 75,
    "Pi": 4.445791042283825,
    "Lambda": 3.182748943990233,
    "d Lambda": -0.20981392299723822,
    "R0": 14.320832859184565,
    "axis angle": -11.071180116498875
}