{
    "info": "Last iterated fit from circle_fit.py",
    "region file": "j8oc17010_wcs/4417-653-forma.reg",
    "FITS file": "j8oc17010_wcs/4417-653-Bally_17-extract.fits",
    "d theta": 55,
    "Pi": 3.80593679271583,
    "Lambda": 3.156990493209239,
    "d Lambda": -0.28876453783778566,
    "R0": 14.436368724608213,
    "axis angle": -12.036581247981848
}