{
    "star": {
        "id": "4417-653",
        "RA": "5:34:41.699",
        "Dec": "-5:26:52.92",
        "RA_dg": 83.67374583333331,
        "Dec_dg": -5.448033333333334,
        "PA": 67.90279033985401,
        "D": 559.1244091818915
    },
    "inner": {
        "PA0": 49.80530962927763,
        "R0": 0.7226861209890174,
        "x": [
            -3.240299744461345,
            -2.9715191067728237,
            -2.7773997424389845,
            -2.5683481133025117,
            -2.3891609030810423,
            -2.180109243427377,
            -1.971057553644711,
            -0.6868835278131565,
            -0.3583739896489666,
            -0.08959349245373503,
            0.07466123750608575,
            0.3135771699196184,
            0.492764069457099,
            0.6868831784884422,
            0.7466120572745233,
            0.9257988440566404,
            1.000459888453481,
            1.1348498810113572,
            1.1945786951126796,
            1.2095107721781686,
            1.3140362729627364,
            1.37376508008142,
            1.388697058771895,
            1.4932224850292106,
            1.4932222985932595,
            1.523086596643788,
            1.448425261263035,
            1.3886960633950407
        ],
        "y": [
            2.3299975726633444,
            2.3199979586483757,
            2.2999982166460127,
            2.2699984750187463,
            2.1499986803653526,
            2.069998901209087,
            1.9399991018188107,
            1.419999890915289,
            1.2699999703014513,
            1.149999998144431,
            0.969999998716215,
            0.7799999772666865,
            0.5399999438802444,
            0.3199998909352017,
            0.049999871128780876,
            -0.20000019816266482,
            -0.530000231419265,
            -0.8000002977578533,
            -1.0300003299389149,
            -1.310000338225578,
            -1.5100003992248332,
            -1.690000436328267,
            -2.08000044588005,
            -2.310000515520199,
            -2.580000515521091,
            -2.790000536344868,
            -3.1300004850516814,
            -3.63000044588828
        ],
        "X": [
            -0.9713719651905315,
            -0.7725159252722061,
            -0.6371442866835648,
            -0.496820419211019,
            -0.4373935180871827,
            -0.329338996703763,
            -0.2535538105440325,
            0.39176933839412514,
            0.5458952833960152,
            0.6737584254634283,
            0.6830557179560346,
            0.7429295227348941,
            0.7249096040358384,
            0.7312034662152946,
            0.6025732423574746,
            0.5780993453211292,
            0.42215192047713196,
            0.35055199438220813,
            0.247737189271436,
            0.07843480519369823,
            0.029199799338365716,
            -0.04134566910383261,
            -0.28164068853649327,
            -0.35023736400410516,
            -0.5244919703822124,
            -0.6372112150931223,
            -0.9136732262787498,
            -1.2819911494194858
        ],
        "Y": [
            -3.8710292724048494,
            -3.68992350533848,
            -3.5493644901336165,
            -3.3915298286683244,
            -3.1842222059270764,
            -2.9881947040871477,
            -2.753974375333995,
            -1.527980842967185,
            -1.2013867739360997,
            -0.9362566815458732,
            -0.6927547791700635,
            -0.3934289393012809,
            -0.09445863388378987,
            0.1988716221175475,
            0.4436609502484877,
            0.7502697687238894,
            1.0505274816711343,
            1.3435021503811602,
            1.5577372126078501,
            1.781253821188992,
            2.0014844251303963,
            2.177526694598071,
            2.4850673830831242,
            2.728213620733511,
            2.9344545772783426,
            3.1141383464836876,
            3.325663844929315,
            3.669043293073564
        ],
        "R": [
            3.9910438637746557,
            3.7699225893973725,
            3.606097769871884,
            3.4277259382412715,
            3.21412260910871,
            3.0062887027503393,
            2.7656218821157865,
            1.5774056773640952,
            1.3195953322979757,
            1.15348471581649,
            0.9728691062498579,
            0.8406727104116254,
            0.7310378701124777,
            0.7577654195652677,
            0.7482844052768912,
            0.947155519923585,
            1.1321750013619034,
            1.388482887486967,
            1.5773138363976225,
            1.7829798636457335,
            2.001697412777704,
            2.177919183542136,
            2.5009760846323417,
            2.7506028014783226,
            2.9809588211019005,
            3.178662576254455,
            3.448889498648609,
            3.886564034418833
        ],
        "theta": [
            -104.0865862972793,
            -101.82455802487304,
            -100.17674419294225,
            -98.33390308913403,
            -97.82135842561226,
            -96.28937702887019,
            -95.26029685115545,
            -75.61933096206846,
            -65.56354015976994,
            -54.26007569240726,
            -45.40391178013983,
            -27.904096154518886,
            -7.424040906447491,
            15.215179719382453,
            36.363369475448486,
            52.38495835772382,
            68.10739160479181,
            75.37620432317564,
            80.9635535522405,
            87.47869613355061,
            89.1641670738273,
            91.08776977260807,
            96.46592568992165,
            97.31539562758083,
            100.13379595726849,
            101.56416371623872,
            105.36208588282625,
            109.25979632773894
        ],
        "Rc": 3.500991917279355,
        "xc": -2.247824057015953,
        "yc": -1.6628439702473095,
        "PAc": 53.50754994104298
    },
    "outer": {
        "PA0": 57.28630439446145,
        "R0": 1.1936310573103135,
        "x": [
            -3.255233521434064,
            -2.971520453156152,
            -2.762468622496142,
            -2.2995683367259168,
            -0.8959353593509363,
            -0.642086977844988,
            -0.3882386072514351,
            -0.17918703378875167,
            0.05972900819340726,
            0.2837127680260646,
            0.4181029898400171,
            0.7615446329314529,
            0.9556637293934188,
            1.1199182982419813,
            1.2991050998253633,
            1.4036306027966754,
            1.567884986804514,
            1.6873426174863315,
            1.8814613403456901,
            1.971054400299084,
            2.0457152775112974,
            2.165172863645511,
            2.209969267644694,
            2.254765712637472,
            2.254765514529872,
            2.2846295358180218,
            2.3144931072202537
        ],
        "y": [
            3.339997550288772,
            3.2999979586884476,
            3.1899982358109633,
            3.0599987775142794,
            2.1999998144249306,
            2.099999904682062,
            1.929999965159751,
            1.7399999925758836,
            1.6299999991762941,
            1.46999998139146,
            1.27999995959512,
            0.9999998659354393,
            0.7199997888684425,
            0.4599997100490654,
            0.24999960982151934,
            -0.050000455492370796,
            -0.4100005683402019,
            -0.76000065824544,
            -1.1500008184164516,
            -1.5200008982245965,
            -1.8100009675675648,
            -2.050001083874401,
            -2.320001129198413,
            -2.540001175447218,
            -2.730001175451669,
            -3.1300012067916114,
            -3.9400012385590255
        ],