{
    "info": "Last iterated fit from circle_fit.py",
    "region file": "j8oc17010_wcs/4468-605-forma.reg",
    "FITS file": "j8oc17010_wcs/4468-605-Bally_17-extract.fits",
    "d theta": 65,
    "Pi": 2.4309945920050557,
    "Lambda": 1.8574328685129176,
    "d Lambda": 0.4075012246954175,
    "R0": 49.60987824382847,
    "axis angle": -12.928806782990467
}