{
    "info": "Last iterated fit from circle_fit.py",
    "region file": "j8oc17010_wcs/4468-605-forma.reg",
    "FITS file": "j8oc17010_wcs/4468-605-Bally_17-extract.fits",
    "d theta": 65,
    "Pi": 2.193511588975036,
    "Lambda": 1.9173088485889531,
    "d Lambda": 0.40920824494595687,
    "R0": 50.744071008669025,
    "axis angle": -13.324663775208956
}