{
    "info": "Last iterated fit from circle_fit.py",
    "region file": "j8oc17010_wcs/4468-605-forma.reg",
    "FITS file": "j8oc17010_wcs/4468-605-Bally_17-extract.fits",
    "d theta": 70,
    "Pi": 2.1710574220574697,
    "Lambda": 1.8389842987005507,
    "d Lambda": 0.4034538026217265,
    "R0": 50.10756128702302,
    "axis angle": -14.405190417431745
}