{"dDEC": 0.10250000000127102, "dRA": -0.3770474558837905}