{
    "info": "Last iterated fit from circle_fit.py",
    "region file": "j8oc17010_wcs/4468-605-forma.reg",
    "FITS file": "j8oc17010_wcs/4468-605-Bally_17-extract.fits",
    "d theta": 60,
    "Pi": 2.1199881093219823,
    "Lambda": 1.8438577773288063,
    "d Lambda": 0.40452299254681434,
    "R0": 49.975122585920985,
    "axis angle": -10.939249335998271
}