{
    "star": {
        "id": "4491-627",
        "RA": "5:34:49.066",
        "Dec": "-5:26:26.51",
        "RA_dg": 83.70444166666665,
        "Dec_dg": -5.440697222222222,
        "PA": 65.73406927291276,
        "D": 447.5835041323201
    },
    "inner": {
        "PA0": 65.77530839234366,
        "R0": 1.2168575218886115,
        "x": [
            -3.8525686802473116,
            -3.4493929677670025,
            -3.120879308567501,
            -2.837163020897654,
            -2.55344668339933,
            -2.284662769257474,
            -1.986014032112782,
            -1.6575003333056564,
            -1.4484462305267205,
            -1.1945948458449132,
            -1.0004731972846206,
            -0.8063515358512823,
            -0.5823649927358006,
            -0.3583784521008369,
            -0.1343919145673125,
            0.10452704322643874,
            0.3583784289344821,
            0.5674324888658349,
            0.8063513719936178,
            0.9258107447493578,
            1.0303376025695437,
            1.1049995640213892,
            1.2393912826763644,
            1.2991207970867253,
            1.314053032002798,
            1.2841879708851518,
            1.0751339215857765,
            0.9706068108293068,
            0.7764852263308195
        ],
        "y": [
            1.9899965733355278,
            2.0399972530111956,
            2.0099977513370475,
            2.0199981415952575,
            1.9899984946830644,
            1.939998794913526,
            1.9299990893800603,
            1.7999993657093236,
            1.7899995156341586,
            1.8199996705166646,
            1.8499997689033434,
            1.859999849877198,
            1.8399999217004854,
            1.809999970346475,
            1.7299999958233665,
            1.6999999974789501,
            1.669999970351276,
            1.5799999256712531,
            1.419999849894922,
            1.2099998021294889,
            0.8699997549124217,
            0.5099997180961678,
            0.29999964534029017,
            -0.01000038965574434,
            -0.3200003986798877,
            -0.6900003807520447,
            -1.0800002669001507,
            -1.530000217510652,
            -2.1500001392063135
        ],
        "X": [
            -2.696796904656514,
            -2.308607402043503,
            -2.0213308246135786,
            -1.7584943147670717,
            -1.51207041768314,
            -1.287470388319027,
            -1.0192226908790136,
            -0.7729777757972243,
            -0.5864353709291035,
            -0.34262773661637375,
            -0.15329026264377765,
            0.027840894447690348,
            0.2238976465721772,
            0.41585122618662673,
            0.5872889897764475,
            0.792860069013789,
            1.0120486651531198,
            1.1657656651937485,
            1.3179955549753366,
            1.3407693434711316,
            1.2965844345281856,
            1.2169581139825985,
            1.253349346143547,
            1.1806212838793246,
            1.0670406500095915,
            0.8879884654259066,
            0.5373197880428435,
            0.25735476891732173,
            -0.17406905767310116
        ],
        "Y": [
            -3.395535046637672,
            -3.2757033598303162,
            -3.113551078188977,
            -3.006257514606705,
            -2.8624861616733512,
            -2.706602906356752,
            -2.574943363873092,
            -2.3215965260109055,
            -2.2266989703192555,
            -2.1498981093301004,
            -2.0976052676340076,
            -2.027073537272211,
            -1.9169294563132473,
            -1.7976659214836086,
            -1.6328051980371927,
            -1.5074146095741348,
            -1.3758969796683904,
            -1.2080437940724742,
            -0.9641005268553925,
            -0.7235762736952844,
            -0.370626433158314,
            -0.011691781624204776,
            0.23495947586766341,
            0.5421699339392133,
            0.8309993244871757,
            1.1561642423438954,
            1.4260438181298642,
            1.7935291382429202,
            2.2792827530734288
        ],
        "R": [
            4.336170176308773,
            4.007480584902898,
            3.71213935878285,
            3.4827986590093603,
            3.237311225971933,
            2.997211920017863,
            2.7693227007260695,
            2.4468970291907115,
            2.3026277920449036,
            2.1770290871736186,
            2.1031989357707785,
            2.0272647190026567,
            1.9299608018356127,
            1.845138208260951,
            1.7352121404168184,
            1.7032104667932533,
            1.7080207842116004,
            1.678802964776284,
            1.6329733950121756,
            1.523556712514097,
            1.3485159060301917,
            1.217014276393515,
            1.2751825511582504,
            1.2991592870839648,
            1.352455406315134,
            1.4578200403355999,
            1.5239138840002762,
            1.8118990719162258,
            2.2859199253904743
        ],
        "theta": [
            -128.45725433399264,
            -125.17491535000113,
            -122.99180750483654,
            -120.32527225165565,
            -117.84466094265433,
            -115.43938661499772,
            -111.59481559166237,
            -108.4152286597426,
            -104.7546791564669,
            -99.05503848836645,
            -94.17967104966728,
            -89.21311909548106,
            -83.3380297818561,
            -76.97496744451907,
            -70.21730618460722,
            -62.25682119196482,
            -53.66345265788693,
            -46.02034401363257,
            -36.18509574667555,
            -28.354513991132976,
            -15.952493646541818,
            -0.5504455123195194,
            10.617733063619916,
            24.665735123302216,
            37.91105971073257,
            52.47404397461271,
            69.35406664879555,
            81.83432611347365,
            94.36720730165038
        ],
        "Rc": 2.0424522461994257,
        "xc": -0.6938833521226886,
        "yc": -0.16207543586728757,
        "PAc": 76.85271907684647
    },
    "outer": {
        "PA0": 74.17283858626037,
        "R0": 1.999717627833521,
        "x": [
            -2.956626393361229,
            -2.613179675957373,
            -2.3294629285995168,
            -1.9710838527462147,
            -1.7470969141716164,
            -1.3737855252823206,
            -1.0602039536692949,
            -0.6868926294428006,
            -0.3583787201610789,
            0.05972978170566986,
            0.3882435453789141,
            0.6271625691558245,
            0.881013938804109,
            1.1945950499412026,
            1.4932434607683402,
            1.7769594229364352,
            1.8665535502705801,
            2.045742133826565,
            2.07560671411114,
            2.0606738254380836,
            2.030808706030967,
            1.9710786741684343,
            1.9860108498923683,
            2.000942874218936,
            1.9710775909977085
        ],
        "y": [
            4.859997981900637,
            4.679998423517352,
            4.58999874725127,
            4.409999103054493,
            4.239999295324421,
            4.109999564301347,
            3.919999740503766,
            3.689999891067539,
            3.429999970345985,
            3.2499999991752153,
            3.0499999652030994,
            2.7699999091905365,
            2.4099998208161804,
            2.189999670542748,
            1.6799994852112743,
            1.3199992710104966,
            0.7799991956155978,
            0.1899990337625548,
            -0.09000099466407192,
            -0.5800009804108643,
            -0.8800009522033928,
            -1.280000897037714,
            -1.540000910669483,
            -1.9600009244262289,
            -2.470000897052035
        ],