{
    "info": "Last iterated fit from circle_fit.py",
    "region file": "j8oc17010_wcs/4491-627-forma.reg",
    "FITS file": "j8oc17010_wcs/4491-627-Bally_17-extract.fits",
    "d theta": 75,
    "Pi": 2.253775099993073,
    "Lambda": 1.5454369860608794,
    "d Lambda": 0.3727934294555766,
    "R0": 40.08640005113439,
    "axis angle": -34.10544546033603
}