{
    "star": {
        "id": "4491-627",
        "RA": "5:34:49.066",
        "Dec": "-5:26:26.51",
        "RA_dg": 83.70444166666665,
        "Dec_dg": -5.440697222222222,
        "PA": 65.73406927291278,
        "D": 447.5835041323201
    },
    "inner": {
        "PA0": 76.43473956016864,
        "R0": 1.1894292015182701,
        "x": [
            0.10452704322643876,
            0.5674324888658355,
            0.925810744749358,
            1.104999564021389,
            1.3140530320027979,
            1.0751339215857765
        ],
        "y": [
            1.6999999974789501,
            1.579999925671253,
            1.2099998021294887,
            0.5099997180961683,
            -0.32000039867988805,
            -1.0800002669001507
        ],
        "X": [
            0.5003507691865519,
            0.9221963766876267,
            1.1837925485078153,
            1.1937956624706436,
            1.20233843749577,
            0.7918242998514007
        ],
        "Y": [
            -1.6280586604814085,
            -1.4028304378526488,
            -0.9590934565224258,
            -0.23659176911276525,
            0.6192882267500842,
            1.3020475429160203
        ],
        "R": [
            1.7032104667932533,
            1.678802964776284,
            1.523556712514097,
            1.217014276393515,
            1.3524554063151337,
            1.5239138840002762
        ],
        "theta": [
            -72.91625235978978,
            -56.6797751814575,
            -39.01394515895793,
            -11.209876680144502,
            27.251628542907614,
            58.69463548097055
        ],
        "Rc": 2.44628026915416,
        "xc": -1.1562481627774506,
        "yc": -0.2789838911087157,
        "PAc": 76.43473956016861
    },
    "outer": {
        "PA0": 72.30381927491119,
        "R0": 2.016881053100272,
        "x": [
            -1.0602039536692949,
            -0.3583787201610789,
            0.38824354537891476,
            0.8810139388041094,
            1.4932434607683407,
            1.8665535502705806,
            2.045742133826565,
            2.0606738254380836,
            1.9710786741684343
        ],
        "y": [
            3.919999740503766,
            3.429999970345985,
            3.0499999652030994,
            2.4099998208161804,
            1.679999485211274,
            0.7799991956155969,
            0.18999903376255525,
            -0.5800009804108643,
            -1.280000897037714
        ],
        "X": [
            0.1815236306918186,
            0.7011947062963254,
            1.296979676403497,
            1.5718924747368217,
            1.9332544859388567,
            2.015327504471315,
            2.0066951093073033,
            1.7868636962449327,
            1.4887293666704733
        ],
        "Y": [
            -4.056781921723925,
            -3.3766345800959514,
            -2.7876650726483585,
            -2.028161419751126,
            -1.1466042892100325,
            -0.17571553975135018,
            0.4408347187168042,
            1.1789384560548894,
            1.8185814001555929
        ],
        "R": [
            4.060841093779169,
            3.448671498365385,
            3.074611006008288,
            2.5659861061005675,
            2.247704229527888,
            2.022973282371442,
            2.054546302944758,
            2.140742336696126,
            2.350224124669591
        ],
        "theta": [
            -87.43796802496533,
            -78.26864535309987,
            -65.04948349065727,
            -52.22312659334172,
            -30.67198347795674,
            -4.9829929699896836,
            12.390036372049947,
            33.416064047022175,
            50.69551499337325
        ],
        "Rc": 4.169988809280934,
        "xc": -1.9214457624424388,
        "yc": -0.6130704399551952,
        "PAc": 72.30381927491115
    },
    "thickness": {
        "h0": 0.8274518515820017
    },
    "help": {
        "arcs": {
            "PA0": "[deg] Position angle of symmetry axis",
            "R0": "[arcsec] Radius along symmetry axis",
            "x": "(list) [arcsec] RA offsets from star of shell points",
            "y": "(list) [arcsec] Dec offsets from star of shell points",
            "X": "(list) [arcsec] Offsets from star parallel to axis of shell points",
            "Y": "(list) [arcsec] Offsets from star perpendicular to axis of shell points",
            "R": "(list) [arcsec] Radii of shell points from star",
            "theta": "(list) [deg] Angle from axis of shell points",
            "h": "[arcsec] Bowshock width along symmetry axis"
        },
        "star": {
            "id": "Source identifier deduced from region filename",
            "RA": "[HH:MM:SS] Right ascension of source",
            "Dec": "[deg:arcmin:arcsec] Declination of source",
            "RA_dg": "[deg] Right ascension of source",
            "Dec_dg": "[deg] Declination of source",
            "PA": "[deg] Position Angle of th^1 C from source",
            "D": "[arcsec] Distance of th^1 C from source",
            "PA_binary": "[deg] Position Angle of primary from source",
            "D_binary": "[arcsec] Distance of primary from source"
        },
        "thickness": {
            "h0": "Shell thickness on axis: h0 = R0(outer) - R0(inner)"
        }
    },
    "info": {
        "description": "JSON data file for stationary bowshock arcs",
        "history": [
            "Initially created by find-xy-shell.py: <angel@linux> 2020-07-19 23:21",
            "Circle fits added by fit-circle-shell.py: <angel@linux> 2020-07-19 23:42"
        ],
        "region": "4491-627-forma.reg"
    }
}