{
    "star": {
        "id": "4505-336",
        "RA": "5:34:50.492",
        "Dec": "-5:23:35.28",
        "RA_dg": 83.71038333333333,
        "Dec_dg": -5.393133333333334,
        "PA": 88.11643392657642,
        "D": 386.95210850975985
    },
    "inner": {
        "PA0": 99.5114318640788,
        "R0": 0.9323983479456478,
        "x": [
            0.9856177381355451,
            0.9557503414912095,
            0.8512149180349491,
            0.627210811361693,
            0.04480075930490063,
            -0.5674761341137937,
            -0.9408154720779296,
            -1.4485568835469809,
            -2.1355006812175925,
            -3.07631439918811
        ],
        "y": [
            0.5199997776718888,
            0.0799997909528896,
            -0.5100001658084127,
            -1.1400000900111678,
            -1.7700000004545304,
            -2.3500000737053663,
            -2.870000202574509,
            -3.280000480227218,
            -4.000001043727663,
            -4.900002165962077
        ],
        "X": [
            0.8861410611038258,
            0.9293917913439508,
            0.923787635729621,
            0.8069669447965001,
            0.3366674378203616,
            -0.17135051321772599,
            -0.453630320967922,
            -0.8866413883152756,
            -1.4451654760176462,
            -2.2243253631167095
        ],
        "Y": [
            -0.6757189610570561,
            -0.23683238797840128,
            0.36233052573987,
            1.0206850430569983,
            1.738264118583481,
            2.411466050108105,
            2.98600978685226,
            3.4742750673613165,
            4.29789114057463,
            5.340983822113756
        ],
        "R": [
            1.1143796904584369,
            0.9590926346360239,
            0.9923038878336885,
            1.301150877920952,
            1.7705668893445774,
            2.417546175195825,
            3.0202706692081325,
            3.585626890121464,
            4.534354585749024,
            5.785648754382273
        ],
        "theta": [
            -37.32700879019705,
            -14.296144095441369,
            21.41624122694073,
            51.66964237886203,
            79.03865487460551,
            94.06441046803377,
            98.63824199180749,
            104.31640980369203,
            108.58521338306853,
            112.60995062298011
        ],
        "Rc": 1.9753979547486662,
        "xc": -0.9195803424511876,
        "yc": 0.15407359614525096,
        "PAc": 99.51143186407879
    },
    "outer": {
        "PA0": 99.8133304828247,
        "R0": 1.6215882734312568,
        "x": [
            1.4784268305398864,
            1.5381610719413805,
            1.5978953069791098,
            1.6576295213089043,
            1.6426957791515744,
            1.5829611698237427,
            1.568027258089389,
            1.3888238504564479,
            1.1498861349099936,
            0.7616126992998464,
            0.5824096392711466,
            0.2837379787146301,
            -0.22400362128492707,
            -0.6720106669310916,
            -1.3141538322235742,
            -1.956296644709996,
            -2.389369455541381
        ],
        "y": [
            0.8499994998020626,
            0.5999994585534171,
            0.35999941569050314,
            0.10999937118524003,
            -0.08000061754012364,
            -0.38000057343415855,
            -0.8200005626662913,
            -1.2800004414069317,
            -1.8100003025890152,
            -2.3700001327442495,
            -2.6400000776257344,
            -3.030000018415046,
            -3.480000011488358,
            -4.120000103353107,
            -4.720000395261881,
            -5.3200008759123465,
            -5.770001306654062
        ],
        "X": [
            1.3119220283577744,
            1.413391951632206,
            1.5131574813074882,
            1.6146273784613796,
            1.6322955053235995,
            1.6245665372189235,
            1.684844187162467,
            1.5866646443735872,
            1.4415555201253367,
            1.1544088731620818,
            1.023846319695371,
            0.7960158484658656,
            0.37240082707827793,
            0.04002972152372877,
            -0.49045447285265253,
            -1.0209382874162363,
            -1.3709769785478507
        ],
        "Y": [
            -1.0895437735279816,
            -0.8533826952555079,
            -0.6270752970150759,
            -0.3909142109195676,
            -0.20114896208922867,
            0.1046425684344411,
            0.5407499143496985,
            1.0245624060512135,
            1.5875317007942678,
            2.2055146080920007,
            2.5021071342822387,
            2.937305929104323,
            3.4672604929971946,
            4.17425404228031,
            4.874921377425388,
            5.575588838418713,
            6.092817377712507
        ],
        "R": [
            1.705357746317168,
            1.6510417419012309,
            1.6379465776890794,
            1.6612752606283931,
            1.6446426729381671,
            1.627933199176195,
            1.7694943924421918,
            1.8887119466976996,
            2.1443738523472464,
            2.4893682999794464,
            2.7034794983095085,
            3.043256044462944,
            3.487201987598042,
            4.174445973790867,
            4.899531000618347,
            5.668289502293591,
            6.245158242499841
        ],
        "theta": [
            -39.709438339522244,
            -31.122885207608448,
            -22.509855111593104,
            -13.609880209639597,
            -7.025182412022974,
            3.685479246424706,
            17.794007479213697,
            32.85168258161735,
            47.75903356277299,
            62.37157265449993,
            67.7459344398664,
            74.83692763734399,
            83.86965230497364,
            89.4505691859638,
            95.74506316641694,
            100.37639996913343,
            102.68121651737758
        ],
        "Rc": 3.4927450309407946,
        "xc": -1.5978616328306794,
        "yc": 0.27638149514292676,
        "PAc": 99.81333048282471
    },
    "thickness": {
        "h0": 0.689189925485609
    },
    "help": {
        "arcs": {
            "PA0": "[deg] Position angle of symmetry axis",
            "R0": "[arcsec] Radius along symmetry axis",
            "x": "(list) [arcsec] RA offsets from star of shell points",
            "y": "(list) [arcsec] Dec offsets from star of shell points",
            "X": "(list) [arcsec] Offsets from star parallel to axis of shell points",
            "Y": "(list) [arcsec] Offsets from star perpendicular to axis of shell points",
            "R": "(list) [arcsec] Radii of shell points from star",
            "theta": "(list) [deg] Angle from axis of shell points",
            "h": "[arcsec] Bowshock width along symmetry axis"
        },
        "star": {
            "id": "Source identifier deduced from region filename",
            "RA": "[HH:MM:SS] Right ascension of source",
            "Dec": "[deg:arcmin:arcsec] Declination of source",
            "RA_dg": "[deg] Right ascension of source",
            "Dec_dg": "[deg] Declination of source",
            "PA": "[deg] Position Angle of th^1 C from source",
            "D": "[arcsec] Distance of th^1 C from source",
            "PA_binary": "[deg] Position Angle of primary from source",
            "D_binary": "[arcsec] Distance of primary from source"
        },
        "thickness": {
            "h0": "Shell thickness on axis: h0 = R0(outer) - R0(inner)"
        },
        "brightness": {
            "shell": "Trimean brightness and interquartile (difference between quartiles) of shell",
            "shell center": "Trimean brightness and interquartile (difference between quartiles) of shell center",
            "background": "Trimean brightness and interquartile (difference between quartiles) of background",