{
    "info": "Last iterated fit from circle_fit.py",
    "region file": "j8oc17010_wcs/4520-419-forma.reg",
    "FITS file": "j8oc17010_wcs/4520-419-Bally_17-extract.fits",
    "d theta": 80,
    "Pi": 2.565132733490143,
    "Lambda": 1.7598120909794486,
    "d Lambda": -0.34875638864422953,
    "R0": 22.248101377892148,
    "axis angle": -39.585226361988134
}