{
    "info": "Last iterated fit from circle_fit.py",
    "region file": "j8oc17010_wcs/4520-419-forma.reg",
    "FITS file": "j8oc17010_wcs/4520-419-Bally_17-extract.fits",
    "d theta": 50,
    "Pi": 2.7719737956082002,
    "Lambda": 1.6856384275916292,
    "d Lambda": -0.2957164600506357,
    "R0": 28.61523788016057,
    "axis angle": -40.613444267140046
}