{
    "star": {
        "id": "4520-419",
        "RA": "5:34:52.008",
        "Dec": "-5:24:18.73",
        "RA_dg": 83.71669999999997,
        "Dec_dg": -5.405202777777778,
        "PA": 81.22978949856827,
        "D": 368.41110985842954
    },
    "inner": {
        "PA0": 85.15173219090309,
        "R0": 1.073760500341837,
        "x": [
            0.5226658977151886,
            0.776532098253969,
            0.9407983612222515,
            1.0453314070078872,
            1.0453312775458963,
            1.0751977029637088,
            1.1050641334929308,
            1.060263997822586,
            0.9407974894457042,
            0.8511975918726234,
            0.6869313174647989,
            0.46293190685083047,
            0.26879913475635947
        ],
        "y": [
            1.4799999373529253,
            1.2199998616966627,
            0.8899997969974983,
            0.6699997493946,
            0.3999997493819348,
            0.029999734846981832,
            -0.3100002800963449,
            -0.8000002578486057,
            -1.130000203021444,
            -1.480000166203204,
            -1.7100001082420775,
            -2.0300000491625747,
            -2.330000016572228
        ],
        "X": [
            0.6458813914821838,
            0.8768647598844116,
            1.0126525686924217,
            1.0982177884847317,
            1.0753979908599467,
            1.0738861556145947,
            1.0749098441639537,
            0.9888565319985688,
            0.8419267718024669,
            0.7230664127112977,
            0.5399489088612515,
            0.28970543709117313,
            0.07091208497396975
        ],
        "Y": [
            -1.430530210563945,
            -1.1500043282663943,
            -0.8073016600098766,
            -0.5792539199018171,
            -0.31021998738916945,
            0.06098040118456854,
            0.40228813021479887,
            0.8867485081804939,
            1.2054707320786022,
            1.5466456592187106,
            1.7619393238478405,
            2.0618624856426324,
            2.344381480961875
        ],
        "R": [
            1.5695793879887334,
            1.4461679577969455,
            1.2950680272225326,
            1.241618868520415,
            1.1192485333121265,
            1.075616141822595,
            1.147722489451302,
            1.328216909106554,
            1.4703742295673725,
            1.7073189017788284,
            1.8428171382700567,
            2.082115786881364,
            2.3454536985564967
        ],
        "theta": [
            -65.70092375146248,
            -52.67490611042605,
            -38.56237251953629,
            -27.80936268914531,
            -16.091260422238033,
            3.250038615071744,
            20.518507917835787,
            41.88389114760718,
            55.068720711453864,
            64.94362032108269,
            72.9622393022437,
            82.00191944463643,
            88.26746423291137
        ],
        "Rc": 2.9714173005325843,
        "xc": -1.855471919598084,
        "yc": -0.20562140149562208,
        "PAc": 83.67634571712479
    },
    "outer": {
        "PA0": 84.34498139256995,
        "R0": 1.3871338015161814,
        "x": [
            0.8661321822174944,
            1.0453317618274058,
            1.2095980205992038,
            1.343997652764091,
            1.3887973515404828,
            1.3738638702142167,
            1.4186635642561412,
            1.4037300639469146,
            1.4485297270185653,
            1.2991964376857226,
            1.0751968200470363,
            0.8661306286916881,
            0.5823980691249299,
            0.3733320493876021
        ],
        "y": [
            1.7899998279452882,
            1.4099997493944258,
            1.119999664420664,
            0.8799995857071983,
            0.5299995576263881,
            0.24999956707816573,
            -0.0800004616256775,
            -0.39000045195192173,
            -0.7400004812709623,
            -1.2900003871613859,
            -1.7600002651734215,
            -2.120000172080217,
            -2.5400000777963836,
            -2.8100000319733356
        ],
        "X": [
            1.0383008691827371,
            1.1791836786264198,
            1.31407431101828,
            1.4241705976030683,
            1.434263779434023,
            1.3918121890441917,
            1.403876136653419,
            1.3584683715682502,
            1.3685615177462171,
            1.1657588173186166,
            0.8965362568903906,
            0.6530136804767933,
            0.32927580786380634,
            0.09462186505498256
        ],
        "Y": [
            -1.6959409323945727,
            -1.3001321616045796,
            -0.9953568831638955,
            -0.7432812861919416,
            -0.39057012908523664,
            -0.1134043555039726,
            0.2194041370241917,
            0.526423905612026,
            0.8791350604326424,
            1.4117431644657243,
            1.8573830717788777,
            2.195029869657395,
            2.585027146565722,
            2.833112017101267
        ],
        "R": [
            1.9885382423068962,
            1.7552258503046074,
            1.6484922261690869,
            1.606464740192024,
            1.4864917136432434,
            1.396424619311496,
            1.420917443910187,
            1.456900286550563,
            1.6266035418434743,
            1.8308501802637476,
            2.0624376682095806,
            2.290105455121665,
            2.605914025083345,
            2.834691693780841
        ],
        "theta": [
            -58.52390556082921,
            -47.7928463850989,
            -37.1424214137772,
            -27.56026638279334,
            -15.23307773666562,
            -4.658149271600896,
            8.882591004177415,
            21.18198798981798,
            32.71583394638752,
            50.45152203943031,
            64.2339605483881,
            73.43244314188838,
            82.74086513039086,
            88.08711444227578
        ],
        "Rc": 3.688305954419655,
        "xc": -2.246413986967162,
        "yc": -0.1865946226459655,
        "PAc": 85.2517221066198
    },
    "thickness": {
        "h0": 0.3133733011743445
    },
    "help": {
        "arcs": {
            "PA0": "[deg] Position angle of symmetry axis",
            "R0": "[arcsec] Radius along symmetry axis",
            "x": "(list) [arcsec] RA offsets from star of shell points",
            "y": "(list) [arcsec] Dec offsets from star of shell points",
            "X": "(list) [arcsec] Offsets from star parallel to axis of shell points",
            "Y": "(list) [arcsec] Offsets from star perpendicular to axis of shell points",
            "R": "(list) [arcsec] Radii of shell points from star",
            "theta": "(list) [deg] Angle from axis of shell points",
            "h": "[arcsec] Bowshock width along symmetry axis"
        },
        "star": {
            "id": "Source identifier deduced from region filename",
            "RA": "[HH:MM:SS] Right ascension of source",
            "Dec": "[deg:arcmin:arcsec] Declination of source",
            "RA_dg": "[deg] Right ascension of source",
            "Dec_dg": "[deg] Declination of source",
            "PA": "[deg] Position Angle of th^1 C from source",
            "D": "[arcsec] Distance of th^1 C from source",
            "PA_binary": "[deg] Position Angle of primary from source",
            "D_binary": "[arcsec] Distance of primary from source"
        },
        "thickness": {
            "h0": "Shell thickness on axis: h0 = R0(outer) - R0(inner)"
        },
        "brightness": {
            "shell": "Trimean brightness and interquartile (difference between quartiles) of shell",
            "shell center": "Trimean brightness and interquartile (difference between quartiles) of shell center",
            "background": "Trimean brightness and interquartile (difference between quartiles) of background",