{
    "info": "Last iterated fit from circle_fit.py",
    "region file": "j8oc17010_wcs/LL3-forma.reg",
    "FITS file": "j8oc17010_wcs/LL3-Bally_17-extract.fits",
    "d theta": 75,
    "Pi": 1.8763062125146877,
    "Lambda": 1.7832572400089943,
    "d Lambda": -0.04140466511455043,
    "R0": 63.27099356962034,
    "axis angle": -33.12603711498257
}