{
    "info": "Last iterated fit from circle_fit.py",
    "region file": "j8oc17010_wcs/LL3-forma.reg",
    "FITS file": "j8oc17010_wcs/LL3-Bally_17-extract.fits",
    "d theta": 75,
    "Pi": 2.7158438712783584,
    "Lambda": 2.543034844754186,
    "d Lambda": -0.5694325243513985,
    "R0": 26.25970388097748,
    "axis angle": -43.60586158708861
}