{
    "info": "Last iterated fit from circle_fit.py",
    "region file": "j8oc17010_wcs/LL3-forma.reg",
    "FITS file": "j8oc17010_wcs/LL3-Bally_17-extract.fits",
    "d theta": 65,
    "Pi": 1.9405670562941824,
    "Lambda": 1.7930209589872188,
    "d Lambda": -0.07161478136198973,
    "R0": 62.98342113182862,
    "axis angle": -34.32235604500849
}