{
    "info": "Last iterated fit from circle_fit.py",
    "region file": "j8oc17010_wcs/LL3-forma.reg",
    "FITS file": "j8oc17010_wcs/LL3-Bally_17-extract.fits",
    "d theta": 60,
    "Pi": 1.9241914528243411,
    "Lambda": 1.7931676886497567,
    "d Lambda": -0.0841680440062601,
    "R0": 63.012186316805625,
    "axis angle": -34.83492153668727
}