{
    "info": "Last iterated fit from circle_fit.py",
    "region file": "j8oc17010_wcs/LL3-forma.reg",
    "FITS file": "j8oc17010_wcs/LL3-Bally_17-extract.fits",
    "d theta": 70,
    "Pi": 1.8782574165263222,
    "Lambda": 1.786135746902391,
    "d Lambda": -0.06194355856687328,
    "R0": 63.20820987381094,
    "axis angle": -33.94577426014563
}