{
    "info": "Last iterated fit from circle_fit.py",
    "region file": "j8oc17010_wcs/LL3-forma.reg",
    "FITS file": "j8oc17010_wcs/LL3-Bally_17-extract.fits",
    "d theta": 70,
    "Pi": 3.111258124506535,
    "Lambda": 2.6605270235043608,
    "d Lambda": -0.7043819278718181,
    "R0": 25.982050982387822,
    "axis angle": -45.475453352306914
}