{
    "info": "Last iterated fit from circle_fit.py",
    "region file": "j8oc17010_wcs/LL3-forma.reg",
    "FITS file": "j8oc17010_wcs/LL3-Bally_17-extract.fits",
    "d theta": 60,
    "Pi": 2.463844869244015,
    "Lambda": 1.4594030375333218,
    "d Lambda": 0.1491319649799604,
    "R0": 26.39996744320314,
    "axis angle": -46.989194137948715
}