{
    "065-502": 0.13575427585177952, 
    "205-230": 0.6934536404079861, 
    "180-331": 0.8884349907769097, 
    "4578-251": 0.0, 
    "106-245": 0.17747773912217882, 
    "168-328": 0.638941175672743, 
    "041-637": 0.0, 
    "168-326": 0.6435557047526042, 
    "119-3155": 0.0, 
    "w000-400": 0.0, 
    "173-236": 0.610412861307033, 
    "w073-227": 0.14448586228413968, 
    "158-323": 0.5610354204714556, 
    "051-024": 0.15468795273330185, 
    "142-301": 0.4771275630728018, 
    "203-3039": 0.0, 
    "w012-407": 0.0, 
    "178-258": 0.6384869384765625, 
    "102-157": 0.11291147867838541, 
    "066-3251": 0.0, 
    "173-342": 0.7536989339192708, 
    "161-324": 0.5624779256184896, 
    "169-338": 0.7082321506076389, 
    "138-3024": 0.0, 
    "121-434": 0.36843163384331595, 
    "163-317": 0.5398980373806423, 
    "168-326N": 0.6420098139749388, 
    "261-3018": 0.0, 
    "154-225": 0.7414347330729166, 
    "074-229": 0.1508292473687066, 
    "w266-558": 0.015485814412434896, 
    "4468-605": 0.0, 
    "362-3137": 0.0, 
    "117-421": 0.3035444132486979, 
    "344-3020": 0.0, 
    "w014-414": 0.0, 
    "154-240": 0.7212058512369791, 
    "163-222": 0.6877242024739584, 
    "w005-514": 0.0, 
    "4582-635": 0.0, 
    "170-249": 0.6533311631944444, 
    "022-635": 0.0, 
    "LL3": 0.0, 
    "LL2": 0.0, 
    "LL1": 0.04818239847819011, 
    "116-3101": 0.0, 
    "308-3036": 0.0, 
    "w044-527": 0.0, 
    "LL4": 0.0, 
    "206-043": 0.6198203531901042, 
    "165-235": 0.7160205367828008, 
    "177-341": 0.7816297888118315, 
    "049-143": 0.0, 
    "101-233": 0.22911153157552083, 
    "072-134": 0.02373234870025466, 
    "w030-524": 0.0, 
    "212-400": 0.599871826171875, 
    "042-628": 0.0, 
    "167-317": 0.596928780538994, 
    "109-246": 0.17771340647051412, 
    "LL7": 0.0, 
    "159-221": 0.7065490044487848, 
    "w069-601": 0.06069187588161892, 
    "166-316": 0.5933208550347222, 
    "175-321": 0.7359278700086805, 
    "189-329": 0.8831576199001736, 
    "131-046": 0.22209459954519783, 
    "LL5": 0.0, 
    "132-053": 0.23819149441189236, 
    "305-811": 0.0, 
    "LL6": 0.0, 
    "083-435": 0.12621012281622426, 
    "136-3057": 0.0
}