{"dDEC": -0.020000000001729745, "dRA": 0.313579606069925}