{
    "info": "Last iterated fit from circle_fit.py",
    "region file": "j8oc16010_wcs/041-637-forma.reg",
    "FITS file": "j8oc16010_wcs/041-637-Bally_16-extract.fits",
    "d theta": 65,
    "Pi": 2.302155801466248,
    "Lambda": 1.4636514111126155,
    "d Lambda": -0.43133829174611493,
    "R0": 38.33425546350244,
    "axis angle": 37.829591878352275
}