{
    "info": "Last iterated fit from circle_fit.py",
    "region file": "j8oc16010_wcs/042-628-forma.reg",
    "FITS file": "j8oc16010_wcs/042-628-Bally_16-extract.fits",
    "d theta": 75,
    "Pi": 1.9854624181505174,
    "Lambda": 1.8113044036577302,
    "d Lambda": -0.12137952724164458,
    "R0": 61.31058433984465,
    "axis angle": -3.482716899679193
}