{
    "info": "Last iterated fit from circle_fit.py",
    "region file": "j8oc16010_wcs/042-628-forma.reg",
    "FITS file": "j8oc16010_wcs/042-628-Bally_16-extract.fits",
    "d theta": 70,
    "Pi": 2.0072551352988484,
    "Lambda": 1.8169499866055485,
    "d Lambda": -0.12492282440950953,
    "R0": 61.234408039311155,
    "axis angle": -3.687205700989679
}