{
    "star": {
        "id": "4531-628",
        "RA": "5:34:53.072",
        "Dec": "-5:26:27.56",
        "RA_dg": 83.72113333333331,
        "Dec_dg": -5.4409888888888895,
        "PA": 62.01846270161854,
        "D": 394.3094018048017
    },
    "inner": {
        "PA0": 88.9555048580548,
        "R0": 0.4643068122820635,
        "x": [
            0.3882428731240683,
            0.4629048764835937,
            0.4181075859802671,
            0.29864823848444333
        ],
        "y": [
            0.3499999651994305,
            -0.06000004947337452,
            -0.2900000403540511,
            -0.5600000206037278
        ],
        "X": [
            0.3945584665323089,
            0.4617342272980788,
            0.4127517404672122,
            0.28839044787680307
        ],
        "Y": [
            -0.3428645806421346,
            0.06842831249230577,
            0.2975734826910571,
            0.5653509909776876
        ],
        "R": [
            0.5227164663287679,
            0.46677717447310824,
            0.5088359036660028,
            0.6346580129692183
        ],
        "theta": [
            -40.99008445901098,
            8.42979109330788,
            35.789729245756334,
            62.973477019375615
        ],
        "Rc": 0.9302181978234831,
        "xc": -0.46422966322603954,
        "yc": -0.008463788310754608,
        "PAc": 88.95550485805475
    },
    "outer": {
        "PA0": 103.97864043971465,
        "R0": 0.7915691709192952,
        "x": [
            0.5077022890400045,
            0.6420940270183556,
            0.7466208891874931,
            0.8063504523927045,
            0.7316882652855169,
            0.6271612949483222,
            0.4629047161645754
        ],
        "y": [
            0.6499999404896332,
            0.4999999048237434,
            0.2899998712948057,
            -1.5012663394985075e-07,
            -0.32000012360525887,
            -0.5800000908187187,
            -0.8100000494693367
        ],
        "X": [
            0.335653027131797,
            0.5022988997667908,
            0.6544579285708819,
            0.7824711022139418,
            0.7873192166804599,
            0.7486933572278464,
            0.6448599243486409
        ],
        "Y": [
            -0.7533913872020624,
            -0.640297165111226,
            -0.46176563022039346,
            -0.19478199679138972,
            0.13377685789992566,
            0.4113266974971048,
            0.6741932470418249
        ],
        "R": [
            0.8247796899372504,
            0.8138087271321199,
            0.8009635931315023,
            0.8063504523927185,
            0.7986036543016254,
            0.8542431710180528,
            0.9329420434237777
        ],
        "theta": [
            -65.98593867138923,
            -51.886603851363965,
            -35.205631791579144,
            -13.97862977236462,
            9.643277470017248,
            28.784074233194854,
            46.27394304984063
        ],
        "Rc": 1.5241458554282032,
        "xc": -0.768127519621208,
        "yc": 0.1912115737878627,
        "PAc": 103.97864043971464
    },
    "thickness": {
        "h0": 0.32726235863723174
    },
    "help": {
        "arcs": {
            "PA0": "[deg] Position angle of symmetry axis",
            "R0": "[arcsec] Radius along symmetry axis",
            "x": "(list) [arcsec] RA offsets from star of shell points",
            "y": "(list) [arcsec] Dec offsets from star of shell points",
            "X": "(list) [arcsec] Offsets from star parallel to axis of shell points",
            "Y": "(list) [arcsec] Offsets from star perpendicular to axis of shell points",
            "R": "(list) [arcsec] Radii of shell points from star",
            "theta": "(list) [deg] Angle from axis of shell points",
            "h": "[arcsec] Bowshock width along symmetry axis"
        },
        "star": {
            "id": "Source identifier deduced from region filename",
            "RA": "[HH:MM:SS] Right ascension of source",
            "Dec": "[deg:arcmin:arcsec] Declination of source",
            "RA_dg": "[deg] Right ascension of source",
            "Dec_dg": "[deg] Declination of source",
            "PA": "[deg] Position Angle of th^1 C from source",
            "D": "[arcsec] Distance of th^1 C from source",
            "PA_binary": "[deg] Position Angle of primary from source",
            "D_binary": "[arcsec] Distance of primary from source"
        },
        "thickness": {
            "h0": "Shell thickness on axis: h0 = R0(outer) - R0(inner)"
        },
        "brightness": {
            "shell": "Trimean brightness and interquartile (difference between quartiles) of shell",
            "shell center": "Trimean brightness and interquartile (difference between quartiles) of shell center",
            "background": "Trimean brightness and interquartile (difference between quartiles) of background",
            "plot limits": "Minimum and maximum brightness for *-images.pdf"
        }
    },
    "info": {
        "description": "JSON data file for stationary bowshock arcs",
        "history": [
            "Initially created by find-xy-shell.py: <angel@linux> 2020-07-20 10:48",
            "Circle fits added by fit-circle-shell.py: <angel@linux> 2020-07-20 10:50",
            "Image Bally_16 added by extract-image.py: <angel@linux> 2020-07-20 11:59",
            "Shell data for Bally_16 added/modified by arc_brightness.py: <angel@linux> 2020-07-21 09:50",
            "Plot limits modified for Bally_16 plot-image.py: <angel@linux> 2020-07-21 10:09"
        ],
        "region": "4531-628-forma.reg"
    },
    "Bally_16": {
        "original FITS file": "$LARGE_FITS_DIR.$LARGE_FITS_DIR.$LARGE_FITS_DIR/$LARGE_FITS_DIR.$LARGE_FITS_DIR.$LARGE_FITS_DIR/$LARGE_FITS_DIRB$LARGE_FITS_DIRa$LARGE_FITS_DIRl$LARGE_FITS_DIRl$LARGE_FITS_DIRy$LARGE_FITS_DIR-$LARGE_FITS_DIRA$LARGE_FITS_DIRC$LARGE_FITS_DIRS$LARGE_FITS_DIR/$LARGE_FITS_DIRj$LARGE_FITS_DIR8$LARGE_FITS_DIRo$LARGE_FITS_DIRc$LARGE_FITS_DIR1$LARGE_FITS_DIR6$LARGE_FITS_DIR0$LARGE_FITS_DIR1$LARGE_FITS_DIR0$LARGE_FITS_DIR_$LARGE_FITS_DIRw$LARGE_FITS_DIRc$LARGE_FITS_DIRs$LARGE_FITS_DIR.$LARGE_FITS_DIRf$LARGE_FITS_DIRi$LARGE_FITS_DIRt$LARGE_FITS_DIRs$LARGE_FITS_DIR",
        "extracted FITS file": "4531-628-Bally_16-extract.fits",
        "filter": "F658N",
        "camera": "ACS",
        "date": "2004-01-24",
        "background": {
            "value": 1.8064222186803818,
            "delta": 0.03643238544464111,
            "N": 94
        },
        "shell": {
            "value": 1.8361876010894775,
            "delta": 0.03468632698059082,
            "N": 108
        },
        "shell center": {
            "value": 1.834359422326088,
            "delta": 0.030743539333343506,
            "N": 55
        },
        "binned": {
            "theta": [
                -57.5,
                -52.5,
                -47.5,
                -42.5,
                -37.5,
                -32.5,
                -27.5,
                -22.5,
                -17.5,
                -12.5,
                -7.5,
                -2.5,
                2.5,
                7.5,
                12.5,
                17.5,
                22.5,
                27.5,
                32.5,
                37.5,
                42.5,
                47.5,
                52.5,
                57.5
            ],
            "background N": [
                12,
                9,
                8,
                8,
                6,
                7,
                6,
                5,
                5,
                7,
                4,
                4,
                4,
                5,
                4,
                4,
                5,
                3,
                6,
                6,
                5,
                5,
                6,
                6
            ],