{
    "info": "Last iterated fit from circle_fit.py",
    "region file": "j8oc16010_wcs/4531-628-forma.reg",
    "FITS file": "j8oc16010_wcs/4531-628-Bally_16-extract.fits",
    "d theta": 70,
    "Pi": 1.1815391477770218,
    "Lambda": 1.1037655984050558,
    "d Lambda": -0.06792084233698403,
    "R0": 15.925423234978506,
    "axis angle": -36.43962690069933
}