{
    "star": {
        "id": "4550-659",
        "RA": "5:34:55.013",
        "Dec": "-5:26:58.79",
        "RA_dg": 83.72922083333331,
        "Dec_dg": -5.449663888888889,
        "PA": 55.886988072492976,
        "D": 385.57214379761314
    },
    "inner": {
        "PA0": 71.807493204956,
        "R0": 0.8764067589232839,
        "x": [
            -0.3882376198774216,
            -0.02986442745304512,
            0.25384759000773466,
            0.9855251628079125,
            1.1199147142879138,
            1.1199143827540279,
            1.194575048765952
        ],
        "y": [
            2.299999965143867,
            1.9499999997919137,
            1.5799999851024809,
            -0.12000022461683917,
            -0.5900002900671609,
            -1.2300002900754419,
            -1.7600003300415668
        ],
        "X": [
            0.3492538036432734,
            0.5804392299096307,
            0.734451348557765,
            0.8987962575556839,
            0.8797290250270395,
            0.6799138764927039,
            0.5853708001192754
        ],
        "Y": [
            -2.306241546280567,
            -1.8618491301922067,
            -1.4217664254293865,
            0.42169323902518396,
            0.9101572128390172,
            1.518165359517095,
            2.0449820867793242
        ],
        "R": [
            2.332536878411545,
            1.9502286745957669,
            1.6002620260059208,
            0.9928040594375379,
            1.2658235696801958,
            1.6634629356511093,
            2.1271132336762424
        ],
        "theta": [
            -81.3886440633644,
            -72.68491468626334,
            -62.6801793616631,
            25.134822073509383,
            45.97393833338029,
            65.87466792009099,
            74.02636831347259
        ],
        "Rc": 2.2306839581894056,
        "xc": -0.8325977186526097,
        "yc": -0.2736235479283259,
        "PAc": 71.807493204956
    },
    "outer": {
        "PA0": 68.14162258761641,
        "R0": 1.6080294563081028,
        "x": [
            -0.7316789703157176,
            -0.23891554457853895,
            0.14932217736780504,
            0.5524919259594466,
            1.0601869347528194,
            1.4036273507497443,
            1.687338661197976,
            1.8665243338688577,
            1.941184750545997,
            2.0158453202057043,
            2.0307770098826565,
            2.0307764932296526,
            1.9710469248814704,
            1.985978381967112,
            1.7470629700957168,
            1.478283579749349,
            1.194572313389423
        ],
        "y": [
            3.419999876198124,
            3.079999986799168,
            2.529999994845362,
            2.019999929412822,
            1.4599997400727476,
            0.8099995443825622,
            0.03999934157162854,
            -0.8100008057240573,
            -1.430000871480955,
            -1.8400009398078394,
            -2.370000953779543,
            -2.920000953785544,
            -3.8500008985308782,
            -4.630000912211835,
            -5.5200007059445495,
            -6.210000505445119,
            -6.71000033005845
        ],
        "X": [
            0.5942363094256988,
            0.92498687565724,
            1.0805405019861323,
            1.264845165169298,
            1.5275447215625817,
            1.6042902146608917,
            1.5809230673720718,
            1.4307598756395117,
            1.2692182369904659,
            1.1858626072251695,
            1.0023945693103895,
            0.7976215787464186,
            0.39593447032323614,
            0.11938780253232373,
            -0.4337103330755128,
            -0.9400627060081835,
            -1.3895338717141377
        ],
        "Y": [
            -3.446539783225718,
            -2.9475209644692937,
            -2.292515934544175,
            -1.6690757176431616,
            -0.9603138556010552,
            -0.22917658871711538,
            0.5910955590684317,
            1.4466998902530597,
            2.049923363221032,
            2.458244432572582,
            2.9557004097507797,
            3.4661590489590464,
            4.307060342505445,
            5.036542974434908,
            5.77360651257873,
            6.313929895758881,
            6.672353637260257
        ],
        "R": [
            3.4973923527104382,
            3.089252426740835,
            2.5344027080500435,
            2.0941936498514613,
            1.8043269043144785,
            1.6205767497013845,
            1.6878126984057034,
            2.0347025321157406,
            2.411037272252052,
            2.729328821063701,
            3.121051070518374,
            3.556748337395072,
            4.325220560708236,
            5.037957778775357,
            5.789873644140085,
            6.3835279132925535,
            6.815504929299154
        ],
        "theta": [
            -80.21750720491366,
            -72.57717303576302,
            -64.76390833023697,
            -52.844723947411865,
            -32.15613662904473,
            -8.129831887182368,
            20.500402064475093,
            45.31739322006653,
            58.2361138733926,
            64.24723470151946,
            71.26617583365133,
            77.04087737335658,
            84.74774135626092,
            88.6420970734929,
            94.29596081558942,
            98.46839405763679,
            101.76384636828729
        ],
        "Rc": 3.816621885304946,
        "xc": -1.4924233406919276,
        "yc": -0.5986913265719482,
        "PAc": 68.14162258761641
    },
    "thickness": {
        "h0": 0.7316226973848189
    },
    "help": {
        "arcs": {
            "PA0": "[deg] Position angle of symmetry axis",
            "R0": "[arcsec] Radius along symmetry axis",
            "x": "(list) [arcsec] RA offsets from star of shell points",
            "y": "(list) [arcsec] Dec offsets from star of shell points",
            "X": "(list) [arcsec] Offsets from star parallel to axis of shell points",
            "Y": "(list) [arcsec] Offsets from star perpendicular to axis of shell points",
            "R": "(list) [arcsec] Radii of shell points from star",
            "theta": "(list) [deg] Angle from axis of shell points",
            "h": "[arcsec] Bowshock width along symmetry axis"
        },
        "star": {
            "id": "Source identifier deduced from region filename",
            "RA": "[HH:MM:SS] Right ascension of source",
            "Dec": "[deg:arcmin:arcsec] Declination of source",
            "RA_dg": "[deg] Right ascension of source",
            "Dec_dg": "[deg] Declination of source",
            "PA": "[deg] Position Angle of th^1 C from source",
            "D": "[arcsec] Distance of th^1 C from source",
            "PA_binary": "[deg] Position Angle of primary from source",
            "D_binary": "[arcsec] Distance of primary from source"
        },
        "thickness": {
            "h0": "Shell thickness on axis: h0 = R0(outer) - R0(inner)"
        },
        "brightness": {
            "shell": "Trimean brightness and interquartile (difference between quartiles) of shell",
            "shell center": "Trimean brightness and interquartile (difference between quartiles) of shell center",
            "background": "Trimean brightness and interquartile (difference between quartiles) of background",
            "plot limits": "Minimum and maximum brightness for *-images.pdf"
        }
    },
    "info": {
        "description": "JSON data file for stationary bowshock arcs",