{
    "star": {
        "id": "4550-659",
        "RA": "5:34:55.013",
        "Dec": "-5:26:58.79",
        "RA_dg": 83.72922083333331,
        "Dec_dg": -5.449663888888889,
        "PA": 55.886988072492954,
        "D": 385.57214379761314
    },
    "inner": {
        "PA0": 71.14584128324684,
        "R0": 0.8451054796942272,
        "x": [
            -0.8063397951522326,
            -0.3882376198774216,
            -0.17918657890193793,
            0.04479663972930442,
            0.2538475900077352,
            0.34344081737461757,
            0.7018136461862265,
            0.7615423579438874,
            0.9855251628079126,
            1.0751182351336743,
            1.1199147142879138,
            1.1647111412733997,
            1.1199143827540279,
            1.224439560897912,
            1.194575048765952,
            1.1945740265036753,
            1.2095060563564453,
            1.2244380599642246,
            1.2543022636221266,
            1.1199125851421623,
            1.0303194448609687
        ],
        "y": [
            2.6299998496398316,
            2.299999965143867,
            2.119999992572317,
            1.8799999995350525,
            1.5799999851024806,
            1.3299999727323744,
            0.7199998860969784,
            0.40999986588816995,
            -0.12000022461683894,
            -0.37000026732669394,
            -0.5900002900671609,
            -0.8900003137443704,
            -1.2300002900754419,
            -1.5200003467383465,
            -1.7600003300415668,
            -3.6100003300453847,
            -3.870000338338088,
            -4.170000346751692,
            -4.410000363869557,
            -4.7000002900827,
            -4.980000245524701
        ],
        "X": [
            0.08683672137863309,
            0.37586241219152283,
            0.5155277980997145,
            0.6499345351924672,
            0.7508205774171004,
            0.7548165136110838,
            0.8968327141083288,
            0.8531769139881551,
            0.8938667208979817,
            0.8978625005650931,
            0.8691601009103921,
            0.8146048220333054,
            0.6623371507619861,
            0.6675374231226798,
            0.5617168315404486,
            -0.03613081921813112,
            -0.10602167784741176,
            -0.18883897612759287,
            -0.23813565390449576,
            -0.4590310321342077,
            -0.6343018712825113
        ],
        "Y": [
            -2.749462212537552,
            -2.3020546770768595,
            -2.064155732485237,
            -1.764650627503072,
            -1.4131903666539856,
            -1.1476513204310228,
            -0.4545693707872944,
            -0.14190069206561812,
            0.432044194159283,
            0.6975832189909458,
            0.9202554148405488,
            1.2186351320192397,
            1.5259156061216166,
            1.8341338776401512,
            2.0516054469718976,
            3.8023419167175927,
            4.0532168610779085,
            4.341945565722038,
            4.578719120911076,
            4.809729455663288,
            5.045752841744451
        ],
        "R": [
            2.750833160035643,
            2.332536878411545,
            2.1275591175253403,
            1.8805336309629865,
            1.6002620260059208,
            1.373627141005543,
            1.005456229754865,
            0.8648969030879075,
            0.992804059437538,
            1.1370045810544351,
            1.2658235696801958,
            1.465828298632368,
            1.6634629356511093,
            1.951833315725645,
            2.1271132336762424,
            3.8025135749560435,
            4.054603250516607,
            4.346050098031336,
            4.584907564810573,
            4.8315843079819345,
            5.085465623115026
        ],
        "theta": [
            -88.19101921044289,
            -80.72699214165512,
            -75.9771105565888,
            -69.7808557520589,
            -62.0185274399539,
            -56.66686301413848,
            -26.878664503952162,
            -9.44301552035092,
            25.79647399521856,
            37.8449806500271,
            46.63559025508946,
            56.23898700473048,
            66.53631984180016,
            70.00090240052535,
            74.68802023518171,
            90.54442267262975,
            91.49836784474921,
            92.49032650767074,
            92.97722685731209,
            95.45168341528893,
            97.165070147112
        ],
        "Rc": 5.495922196110906,
        "xc": -4.306950831331608,
        "yc": -1.5510969991919643,
        "PAc": 70.19412027990934
    },
    "outer": {
        "PA0": 61.70944685053236,
        "R0": 1.6190833699144551,
        "x": [
            -0.7316789703157176,
            -0.23891554457853895,
            -0.04479666003277815,
            0.14932217736780512,
            0.5524919259594473,
            0.8810005531605196,
            1.0601869347528192,
            1.269237709368762,
            1.4036273507497448,
            1.597745805246136,
            1.687338661197976,
            1.8217281458996313,
            1.8665243338688575,
            1.9411847505459965,
            2.0158453202057043,
            2.0307770098826565,
            2.0307764932296526,
            2.075572630260783,
            1.9710469248814704,
            1.9710466148747408,
            1.985978381967112,
            1.9411814730291896,
            1.7470629700957168,
            1.6574697135982717,
            1.478283579749349,
            1.194572313389423,
            0.7914039818473798
        ],
        "y": [
            3.419999876198124,
            3.079999986799168,
            2.8599999995346757,
            2.529999994845362,
            2.0199999294128217,
            1.8099998205172751,
            1.4599997400727476,
            1.1699996274638724,
            0.8099995443825615,
            0.5099994096346607,
            0.03999934157162816,
            -0.34000076749489483,
            -0.8100008057240576,
            -1.4300008714809556,
            -1.8400009398078394,
            -2.370000953779543,
            -2.920000953785544,
            -3.340000996339232,
            -3.8500008985308782,
            -4.190000898530746,
            -4.630000912211835,
            -5.080000871527662,
            -5.5200007059445495,
            -5.8900006353969845,
            -6.210000505445119,
            -6.71000033005845,
            -7.19000014486395
        ],
        "X": [
            0.9766011584740169,
            1.2493661294091283,
            1.3160311217960488,
            1.330562331034741,
            1.4438646973797467,
            1.6336066906168492,
            1.625510147119729,
            1.6721474260067994,
            1.6198654345943615,
            1.6486145359449995,
            1.5047527620989225,
            1.4429917597923276,
            1.2596840473284556,
            1.0315819783122235,
            0.9030080792325278,
            0.6649664479421783,
            0.4042973261181348,
            0.24468671828536764,
            -0.0890648666691574,
            -0.2502057700818596,
            -0.4455924603037926,
            -0.6983129697642274,
            -1.0777799418629395,
            -1.3320306653216516,
            -1.6414757107714402,
            -2.1282706614277576,
            -2.7107753236047785
        ],