{
    "info": "Last iterated fit from circle_fit.py",
    "region file": "j8oc16010_wcs/4550-659-forma.reg",
    "FITS file": "j8oc16010_wcs/4550-659-Bally_16-extract.fits",
    "d theta": 60,
    "Pi": 2.8910676384068132,
    "Lambda": 2.610676727675623,
    "d Lambda": -0.45256253973953164,
    "R0": 32.41287910790764,
    "axis angle": -22.37935213316985
}