{
    "info": "Last iterated fit from circle_fit.py",
    "region file": "j8oc16010_wcs/4582-635-forma.reg",
    "FITS file": "j8oc16010_wcs/4582-635-Bally_16-extract.fits",
    "d theta": 60,
    "Pi": 2.835994851538509,
    "Lambda": 1.7443544972553737,
    "d Lambda": 0.5043445016802778,
    "R0": 22.18560633134585,
    "axis angle": -22.16505735459597
}