{
    "info": "Last iterated fit from circle_fit.py",
    "region file": "j8oc16010_wcs/4582-635-forma.reg",
    "FITS file": "j8oc16010_wcs/4582-635-Bally_16-extract.fits",
    "d theta": 65,
    "Pi": 2.8600402048488265,
    "Lambda": 1.544127702313592,
    "d Lambda": -0.13276133189104766,
    "R0": 13.504193345107502,
    "axis angle": -9.794066135331091
}