{
    "info": "Last iterated fit from circle_fit.py",
    "region file": "j8oc16010_wcs/w005-514-forma.reg",
    "FITS file": "j8oc16010_wcs/w005-514-Bally_16-extract.fits",
    "d theta": 75,
    "Pi": 1.4710957195445344,
    "Lambda": 1.3978759032466335,
    "d Lambda": 0.22936214435199676,
    "R0": 33.48874513266164,
    "axis angle": -27.514541184179247
}