{"dDEC": -0.21749999999762792, "dRA": -0.22773792716246286}