{"dRA": -0.18293702355856734, "dDEC": -0.36749999999940997}