{"dRA": -0.17920111578016137, "dDEC": -0.25000000000083844}