{"dDEC": -0.21999999999984254, "dRA": -0.1941345421906724}