{"dDEC": -0.359999999999161, "dRA": -0.14932617460371414}