{"dRA": -0.2986523492074283, "dDEC": 0.2299999999991087}