{"dRA": 0.4890560074936544, "dDEC": 0.27250000000158536}