{"dRA": 0.4143960418282075, "dDEC": 0.17249999999933152}