{"dRA": 0.552558972138473, "dDEC": 0.04000000000026205}