{
    "info": "Last iterated fit from circle_fit.py",
    "region file": "j8oc01010_wcs/102-157-forma.reg",
    "FITS file": "j8oc01010_wcs/102-157-Bally_01-extract.fits",
    "d theta": 75,
    "Pi": 4.149801678374985,
    "Lambda": 2.5514443662838553,
    "d Lambda": 0.3215282059656701,
    "R0": 7.954255986591445,
    "axis angle": -84.76565330533334
}