{"dRA": 0.5637686091483537, "dDEC": -0.07750000000150692}