{"dDEC": 0.10249999999807358, "dRA": -0.12320770938780234}