{"dRA": 0.403216484601198, "dDEC": -0.11000000000151999}