{
    "info": "Last iterated fit from circle_fit.py",
    "region file": "j8oc01010_wcs/106-245-forma.reg",
    "FITS file": "j8oc01010_wcs/106-245-Bally_01-extract.fits",
    "d theta": 60,
    "Pi": 2.8531050711275716,
    "Lambda": 2.5158025343798665,
    "d Lambda": -0.14477526167028,
    "R0": 13.03328308685424,
    "axis angle": -74.8968345046809
}