{"dDEC": 0.05999999999879435, "dRA": 0.1792073264469765}