{
    "info": "Last iterated fit from circle_fit.py",
    "region file": "j8oc01010_wcs/106-245-forma.reg",
    "FITS file": "j8oc01010_wcs/106-245-Bally_01-extract.fits",
    "d theta": 70,
    "Pi": 2.870454562658659,
    "Lambda": 2.546304406635813,
    "d Lambda": -0.01890074965845101,
    "R0": 13.067070587311655,
    "axis angle": -72.58880084092102
}