{
    "info": "Last iterated fit from circle_fit.py",
    "region file": "j8oc01010_wcs/106-245-forma.reg",
    "FITS file": "j8oc01010_wcs/106-245-Bally_01-extract.fits",
    "d theta": 65,
    "Pi": 3.396614723077574,
    "Lambda": 2.5584915506186077,
    "d Lambda": -0.08677035067757699,
    "R0": 12.901945348410404,
    "axis angle": -73.80496073538511
}