{
    "info": "Last iterated fit from circle_fit.py",
    "region file": "j8oc01010_wcs/106-245-forma.reg",
    "FITS file": "j8oc01010_wcs/106-245-Bally_01-extract.fits",
    "d theta": 75,
    "Pi": 3.1324617275272573,
    "Lambda": 2.5923009321539894,
    "d Lambda": 0.023585928170895887,
    "R0": 12.891360181636028,
    "axis angle": -71.77946180583534
}