{
    "info": "Last iterated fit from circle_fit.py",
    "region file": "j8oc01010_wcs/106-245-forma.reg",
    "FITS file": "j8oc01010_wcs/106-245-Bally_01-extract.fits",
    "d theta": 65,
    "Pi": 3.419568918827774,
    "Lambda": 2.5430324697545608,
    "d Lambda": -0.1098509912390675,
    "R0": 12.957341257287306,
    "axis angle": -74.29455593800847
}