{
    "info": "Last iterated fit from circle_fit.py",
    "region file": "j8oc01010_wcs/106-245-forma.reg",
    "FITS file": "j8oc01010_wcs/106-245-Bally_01-extract.fits",
    "d theta": 70,
    "Pi": 2.849363629618073,
    "Lambda": 2.5714031404388438,
    "d Lambda": 0.022445033723602625,
    "R0": 12.994745001149418,
    "axis angle": -71.7970868118224
}