{
    "info": "Last iterated fit from circle_fit.py",
    "region file": "j8oc01010_wcs/106-245-forma.reg",
    "FITS file": "j8oc01010_wcs/106-245-Bally_01-extract.fits",
    "d theta": 75,
    "Pi": 3.057613311056026,
    "Lambda": 2.5650771399438477,
    "d Lambda": 0.005489807887566478,
    "R0": 13.004845725277265,
    "axis angle": -72.12438153461514
}