{
    "info": "Last iterated fit from circle_fit.py",
    "region file": "j8oc01010_wcs/106-245-forma.reg",
    "FITS file": "j8oc01010_wcs/106-245-Bally_01-extract.fits",
    "d theta": 60,
    "Pi": 2.930948973027592,
    "Lambda": 2.5060705919083137,
    "d Lambda": -0.1728230136892106,
    "R0": 13.048349340166713,
    "axis angle": -75.45386193114653
}