{
    "info": "Last iterated fit from circle_fit.py",
    "region file": "j8oc01010_wcs/109-246-forma.reg",
    "FITS file": "j8oc01010_wcs/109-246-Bally_01-extract.fits",
    "d theta": 75,
    "Pi": 5.006706974973916,
    "Lambda": 3.36085017957719,
    "d Lambda": -0.1141602732966005,
    "R0": 27.094074268525244,
    "axis angle": -74.06994667437999
}