{
    "info": "Last iterated fit from circle_fit.py",
    "region file": "j8oc01010_wcs/109-246-forma.reg",
    "FITS file": "j8oc01010_wcs/109-246-Bally_01-extract.fits",
    "d theta": 75,
    "Pi": 5.922607503505253,
    "Lambda": 3.0738198314103293,
    "d Lambda": -0.047821456434545606,
    "R0": 40.53585509017258,
    "axis angle": -73.14036661386999
}