{
    "info": "Last iterated fit from circle_fit.py",
    "region file": "j8oc01010_wcs/109-246-forma.reg",
    "FITS file": "j8oc01010_wcs/109-246-Bally_01-extract.fits",
    "d theta": 60,
    "Pi": 172.5567962215816,
    "Lambda": 3.391654795102241,
    "d Lambda": -0.4496573868931324,
    "R0": 26.421832508802467,
    "axis angle": -76.5385859230658
}