{"dRA": 0.2650773068267378, "dDEC": -0.02750000000197872}