{"dDEC": 0.11250000000053717, "dRA": 0.10080404639794369}