{
    "info": "Last iterated fit from circle_fit.py",
    "region file": "j8oc01010_wcs/109-246-forma.reg",
    "FITS file": "j8oc01010_wcs/109-246-Bally_01-extract.fits",
    "d theta": 60,
    "Pi": 7.700864082602157,
    "Lambda": 3.0905720136857173,
    "d Lambda": 0.02051425785133043,
    "R0": 39.99461841028163,
    "axis angle": -71.97540147565296
}