{
    "info": "Last iterated fit from circle_fit.py",
    "region file": "j8oc01010_wcs/109-246-forma.reg",
    "FITS file": "j8oc01010_wcs/109-246-Bally_01-extract.fits",
    "d theta": 70,
    "Pi": 6.544454839703811,
    "Lambda": 3.083509029673782,
    "d Lambda": -0.0179666754057084,
    "R0": 40.266562300620784,
    "axis angle": -72.62732076488295
}