{
    "info": "Last iterated fit from circle_fit.py",
    "region file": "j8oc01010_wcs/109-246-forma.reg",
    "FITS file": "j8oc01010_wcs/109-246-Bally_01-extract.fits",
    "d theta": 65,
    "Pi": 6.923941621910554,
    "Lambda": 3.0839764388515123,
    "d Lambda": 0.005325145938596787,
    "R0": 40.15100087230671,
    "axis angle": -72.23155969765399
}