{"dRA": 0.28373237439840476, "dDEC": 0.1900000000020441}