{"dRA": 0.3098638633586369, "dDEC": 0.18249999999859767}