{
    "star": {
        "id": "124-131",
        "RA": "5:35:12.382",
        "Dec": "-5:21:31.40",
        "RA_dg": 83.80159166666665,
        "Dec_dg": -5.358722222222222,
        "PA": 151.69665684642305,
        "D": 126.21738331096184
    },
    "inner": {
        "PA0": 139.7447715243068,
        "R0": 2.9560330743505188,
        "x": [
            2.882345476936012,
            2.688197634109761,
            2.4791154380328306,
            2.329770975622367,
            2.1356232583279326,
            1.9414755657560203,
            1.7473278661684646,
            1.5830490626697038,
            1.3739670485396747,
            1.17981948250498,
            1.000606346524067,
            0.7915243729644962,
            0.5675080177637393
        ],
        "y": [
            -1.4800018891048616,
            -1.6600016431888627,
            -1.8000013975115647,
            -1.9500012342142454,
            -2.090001037083881,
            -2.2300008570978513,
            -2.410000694246836,
            -2.5700005698427595,
            -2.6700004292468877,
            -2.760000316510242,
            -2.8700002276616488,
            -3.010000142456334,
            -3.1000000732301753
        ],
        "X": [
            2.9920515017178637,
            3.003965446612275,
            2.975701967618628,
            2.9936724292171286,
            2.9750595522560084,
            2.9564467043545273,
            2.968360805201865,
            2.984312555528301,
            2.9255223340976477,
            2.8687509440300376,
            2.836893575790415,
            2.808630363054032,
            2.732557985045201
        ],
        "Y": [
            -1.2433619148242083,
            -0.9788787314997474,
            -0.7288457903061027,
            -0.5179411152193752,
            -0.27930574117477436,
            -0.04067037491918715,
            0.2238127527653596,
            0.45257688267041796,
            0.6767620079076865,
            0.8830876397967077,
            1.0909395982918724,
            1.3409724733621364,
            1.5700932018892806
        ],
        "R": [
            3.240111269720138,
            3.1594322235843326,
            3.0636609450355796,
            3.038147068903919,
            2.988141736351024,
            2.956726432236302,
            2.9767865254598074,
            3.018434571729448,
            3.002780002373033,
            3.0015955354502633,
            3.039426651110725,
            3.1123321947671316,
            3.151518015854141
        ],
        "theta": [
            -22.565571121920193,
            -18.048830272790603,
            -13.762646134110316,
            -9.815686384733192,
            -5.363345014881808,
            -0.7881399839307698,
            4.311911059259902,
            8.623311312723319,
            13.025135436802193,
            17.109936239508418,
            21.034461650733036,
            25.522007976814486,
            29.88112947088497
        ],
        "Rc": 5.948296252869797,
        "xc": -1.9101697281021754,
        "yc": 2.2559661226393097,
        "PAc": 139.74477152430677
    },
    "outer": {
        "PA0": 186.64398168077338,
        "R0": 4.505301739500999,
        "x": [
            3.688804044696979,
            3.61413151998179,
            3.464786927160612,
            3.375180107722789,
            3.225835547091849,
            3.1212943105704083,
            2.912212116863976,
            2.777802099443666,
            2.6284576973364633,
            2.389506791087904,
            2.210293651099548,
            2.0012116735944376,
            1.672654434249279,
            1.3590316536827336,
            1.0304745130937134,
            0.7467206277218729,
            0.3882947140705773
        ],
        "y": [
            -1.9500030941196755,
            -2.1800029701301695,
            -2.3800027297487873,
            -2.5500025903810073,
            -2.7600023662289197,
            -2.9500022153581162,
            -3.160001928499851,
            -3.3400017545865777,
            -3.510001571003787,
            -3.700001298350773,
            -3.830001110909413,
            -3.9900009106716716,
            -4.120000636201391,
            -4.240000419993305,
            -4.32000024145644,
            -4.420000126785854,
            -4.490000034279712
        ],
        "X": [
            1.5101139963548522,
            1.7472088346924348,
            1.9631445625689685,
            2.1423702237131397,
            2.3682388064284887,
            2.5690580479288934,
            2.801838191864458,
            2.9961803756634597,
            3.1823176105628623,
            3.3986878834428356,
            3.54854954739003,
            3.731665540135419,
            3.898806178329834,
            4.054286120231979,
            4.171762630074934,
            4.303921167093635,
            4.4149207266691795
        ],
        "Y": [
            -3.8896456220666527,
            -3.8420854859665665,
            -3.7168837580277714,
            -3.6475476412330488,
            -3.523502943690664,
            -3.4416466974674753,
            -3.258265542944872,
            -3.145584108048015,
            -3.0169115864800924,
            -2.801548318946414,
            -2.6385796640193218,
            -2.449413751544898,
            -2.138103945679619,
            -1.8404713126124386,
            -1.5233766332163865,
            -1.2530983217990839,
            -0.9051784741330594
        ],
        "R": [
            4.172503726451194,
            4.220706053908782,
            4.2034701669257455,
            4.230171860636098,
            4.2454243649452295,
            4.294763234896307,
            4.2972772311932745,
            4.3441680704497445,
            4.385077068323469,
            4.404514991738888,
            4.422025162033602,
            4.463737831648653,
            4.4465917396039005,
            4.452479151804647,
            4.4412025182735615,
            4.482632353500821,
            4.506758601567979
        ],
        "theta": [
            -68.78182197038942,
            -65.54608032827794,
            -62.15835304716842,
            -59.572350968077984,
            -56.09391645697084,
            -53.26006339641672,
            -49.307200137406994,
            -46.393494562929895,
            -43.47161335802398,
            -39.49885804635165,
            -36.63322610122931,
            -33.280342104624644,
            -28.74034826908416,
            -24.416002957307647,
            -20.060362681049916,
            -16.23306222775179,
            -11.58661731779634
        ],
        "Rc": 8.181443670926637,
        "xc": 0.5212618545119975,
        "yc": 4.475045233624063,
        "PAc": -173.35601831922665
    },
    "thickness": {
        "h0": 1.5492686651504806
    },
    "help": {
        "arcs": {
            "PA0": "[deg] Position angle of symmetry axis",
            "R0": "[arcsec] Radius along symmetry axis",
            "x": "(list) [arcsec] RA offsets from star of shell points",
            "y": "(list) [arcsec] Dec offsets from star of shell points",
            "X": "(list) [arcsec] Offsets from star parallel to axis of shell points",
            "Y": "(list) [arcsec] Offsets from star perpendicular to axis of shell points",
            "R": "(list) [arcsec] Radii of shell points from star",
            "theta": "(list) [deg] Angle from axis of shell points",
            "h": "[arcsec] Bowshock width along symmetry axis"
        },
        "star": {
            "id": "Source identifier deduced from region filename",
            "RA": "[HH:MM:SS] Right ascension of source",
            "Dec": "[deg:arcmin:arcsec] Declination of source",
            "RA_dg": "[deg] Right ascension of source",
            "Dec_dg": "[deg] Declination of source",
            "PA": "[deg] Position Angle of th^1 C from source",
            "D": "[arcsec] Distance of th^1 C from source",