{"dRA": 0.22400748940672646, "dDEC": 0.08999999999979025}