{
    "info": "Last iterated fit from circle_fit.py",
    "region file": "j8oc01010_wcs/142-301-forma.reg",
    "FITS file": "j8oc01010_wcs/142-301-Bally_01-extract.fits",
    "d theta": 60,
    "Pi": 14.7578631074392,
    "Lambda": 9.602657859199887,
    "d Lambda": -4.13397848178142,
    "R0": 6.23910969217405,
    "axis angle": -71.64391695010109
}