{"dRA": 0.2389452149787386, "dDEC": -0.0499999999995282}