{
    "star": {
        "id": "154-240",
        "RA": "5:35:15.3830",
        "Dec": "-5:22:39.790",
        "RA_dg": 83.81409583333331,
        "Dec_dg": -5.377719444444444,
        "PA": 160.6256623085055,
        "D": 45.30272435318051
    },
    "inner": {
        "PA0": 196.53169866264764,
        "R0": 1.6879461814810317,
        "x": [
            2.489494667677516,
            2.4999482891160967,
            2.4999480461009242,
            2.4939741939094437,
            2.4461852737227683,
            2.3476206515140783,
            2.157958962133136,
            2.0026454617507174,
            1.869733004541913,
            1.7383139792250335,
            1.4202202797326833,
            1.323149449559477,
            1.2395191811758717,
            1.078232308582438,
            0.8811039287145113,
            0.6720284140635943,
            0.4226311977995844,
            0.19712833805134428,
            -0.06122925821670325,
            -0.30465290396888045,
            -0.51820863144077,
            -0.7825398618140147,
            -0.9707078894836262,
            -1.1947174514681849,
            -1.4037930631677045,
            -1.583000746067602
        ],
        "y": [
            0.5769985857833324,
            0.43199857387846013,
            0.21899857387487212,
            -0.01000141932826551,
            -0.1830013654601742,
            -0.5380012576434926,
            -0.7660010626483716,
            -0.9750009152071478,
            -1.1140007977599673,
            -1.230000689542327,
            -1.4800004602694432,
            -1.552000399505309,
            -1.6490003505979671,
            -1.7290002653037377,
            -1.8170001771741158,
            -1.8370001030641931,
            -1.862000040758804,
            -1.8010000088670937,
            -1.740000000858623,
            -1.6720000211775516,
            -1.6070000612661033,
            -1.5330001397440645,
            -1.4300002150213336,
            -1.3400003257053417,
            -1.2500004496891424,
            -1.1700005718231994
        ],
        "X": [
            -1.261522045624796,
            -1.1254905115378406,
            -0.9212953388792852,
            -0.7000618082262127,
            -0.5206151198468364,
            -0.1522439049247703,
            0.1202983789004618,
            0.3648524899209169,
            0.5359261356975114,
            0.6845256040739798,
            1.014703213603181,
            1.1113479458856677,
            1.228134796050488,
            1.350721207357871,
            1.4911754646948163,
            1.5698401949426954,
            1.6647716182044054,
            1.6704590613136667,
            1.6854952034368842,
            1.689571343146673,
            1.6880246995433539,
            1.6922980849096407,
            1.647098339197739,
            1.62455979615982,
            1.5977718735721804,
            1.5720717811569533
        ],
        "Y": [
            -2.2224025730711756,
            -2.2736832067211585,
            -2.334291221575054,
            -2.393725291869951,
            -2.397138250106841,
            -2.4036617628224284,
            -2.286716600338371,
            -2.197293401146972,
            -2.109427046086094,
            -2.016447838157715,
            -1.7826397262669544,
            -1.7100688433831817,
            -1.657496569982921,
            -1.5256405371794188,
            -1.361700962230369,
            -1.1669590096952702,
            -0.9349848877711258,
            -0.7014464613049378,
            -0.43641143917298075,
            -0.18370122245633544,
            0.03952209939445629,
            0.3139828906077232,
            0.5236807068041237,
            0.764039351364981,
            0.9900813746568861,
            1.1846446787991758
        ],
        "R": [
            2.5554864641376507,
            2.536999057171193,
            2.5095219880612833,
            2.493994247843174,
            2.453020972828896,
            2.4084783737126156,
            2.28987871081181,
            2.227378645431782,
            2.1764418865853443,
            2.1294687569071704,
            2.051201356610741,
            2.0394679958102273,
            2.0629129784785207,
            2.037652283558559,
            2.01936469639511,
            1.9560653281438956,
            1.9093614851932306,
            1.811756223558279,
            1.74107697275272,
            1.6995286001460537,
            1.6884873060254186,
            1.7211792654407672,
            1.7283444163900945,
            1.7952578259773877,
            1.8796638232462806,
            1.9684493135758407
        ],
        "theta": [
            -119.58092776663929,
            -116.33576064815574,
            -111.53810033160364,
            -106.30193042919419,
            -102.25331849889932,
            -93.62417733572873,
            -86.98858992394409,
            -80.5722637145684,
            -75.74489912475087,
            -71.24913889598764,
            -60.350868858079416,
            -56.980768085253246,
            -53.4631199346995,
            -48.48002546629681,
            -42.401480277817974,
            -36.62569764332196,
            -29.319852416055667,
            -22.778138740626048,
            -14.516335953463551,
            -6.205196176498579,
            1.341233842654181,
            10.510931578224943,
            17.637613344026857,
            25.187858075807696,
            31.784996096953577,
            37.000084174832054
        ],
        "Rc": 2.3886223374948785,
        "xc": 0.21762624221357704,
        "yc": 0.5720751576234626,
        "PAc": -159.17241064906375
    },
    "outer": {
        "PA0": 196.16068036381728,
        "R0": 2.033179197747402,
        "x": [
            1.9115476633262267,
            1.7666880782773202,
            1.6009209809864198,
            1.267893479354888,
            1.0797255094726568,
            0.8736368114906019,
            0.6929358701686946,
            0.506261337551657,
            0.3628952997286481,
            -0.18219435005693307,
            -0.3360141773846958,
            -0.5316491147159434,
            -0.7063765075093721
        ],
        "y": [
            -1.6370008338344337,
            -1.7780007122532062,
            -1.8930005848760363,
            -2.059000366841288,
            -2.126000266049667,
            -2.1550001741689484,
            -2.1360001095723353,
            -2.1300000584853858,
            -2.102000030057885,
            -2.0770000075765744,
            -2.030000025766002,
            -1.9630000644928634,
            -1.9160001138618685
        ],
        "X": [
            1.040269668118781,
            1.2160169876093885,
            1.3726109240015965,
            1.6247434324134586,
            1.7414689986080794,
            1.826684059100478,
            1.8587296437790273,
            1.9049241871862452,
            1.9179339427758921,
            2.0456377080639196,
            2.043307919439442,
            2.0334069366940843,
            2.036896423197859
        ],
        "Y": [
            -2.2916424714022536,
            -2.1917518072413005,
            -2.064543158428765,
            -1.7908783220734275,
            -1.6287940428231609,
            -1.4389205597557717,
            -1.260071704148841,
            -1.079103624366151,
            -0.9336094023073112,
            -0.40310070703578876,
            -0.24227748217600018,
            -0.03572483984025221,
            0.1451797776675522
        ],
        "R": [
            2.5167014521278817,
            2.50648624546398,
            2.47919325622339,
            2.418064595010481,
            2.3844673004780845,
            2.325353097716487,
            2.245586023348799,
            2.189337980086067,
            2.1330956670830528,
            2.0849757343110156,
            2.05762135292514,
            2.0337207365755092,
            2.042063712688669
        ],