{"dRA": 0.17920772744554944, "dDEC": 0.12000000000078614}