{"dDEC": 0.2400000000015723, "dRA": -0.07466843382030816}