{"dRA": 0.16427055409908053, "dDEC": 0.17000000000031434}