{"dRA": 0.20907747002691063, "dDEC": -0.07000000000125794}