{"dDEC": 0.12249999999980332, "dRA": -0.10826913099125442}