{"dRA": 0.1941433270576816, "dDEC": 0.029999999997798454}