{"dDEC": 0.249999999997641, "dRA": 0.014933730207322136}