{"dRA": 0.07466865065461274, "dDEC": 0.0999999999990564}