{"dDEC": 0.05250000000174282, "dRA": 0.04106753224200944}