{"dRA": 0.2389385561853621, "dDEC": -0.3099999999996328}