{"dRA": 0.05973431921601916, "dDEC": 0.1300000000000523}