{
    "Robberto_WFPC2_39_f656n": {
        "shell": {
            "N": 477,
            "value": 0.6245153099298477,
            "delta": 0.026133239269256592
        },
        "extracted FITS file": "178-258-Robberto_WFPC2_39_f656n-extract.fits",
        "original FITS file": "$LARGE_FITS_DIR/wfpc2/hlsp_orion_hst_wfpc2_39_f656n_v1_sci.fits",
        "filter": "F656N",
        "binned": {
            "theta": [
                -57.5,
                -52.5,
                -47.5,
                -42.5,
                -37.5,
                -32.5,
                -27.5,
                -22.5,
                -17.5,
                -12.5,
                -7.5,
                -2.5,
                2.5,
                7.5,
                12.5,
                17.5,
                22.5,
                27.5,
                32.5,
                37.5,
                42.5,
                47.5,
                52.5,
                57.5
            ],
            "shell": [
                0.6179662123322487,
                0.6288596540689468,
                0.6370743960142136,
                0.6507667861878872,
                NaN,
                NaN,
                NaN,
                NaN,
                0.6383989937603474,
                0.6436622440814972,
                0.6448688805103302,
                0.6441034525632858,
                0.6389620341360569,
                0.6260971240699291,
                0.6184492707252502,
                0.6134641170501709,
                0.6223173066973686,
                0.6247028447687626,
                0.6265652701258659,
                0.6231793761253357,
                0.6188151836395264,
                0.628963477909565,
                0.6342564523220062,
                0.6258900836110115
            ],
            "background": [
                0.6055575422942638,
                0.6187222562730312,
                0.6360085308551788,
                0.646453894674778,
                0.6537255309522152,
                0.6620794907212257,
                0.6533841192722321,
                NaN,
                NaN,
                NaN,
                0.6549769937992096,
                0.6415671482682228,
                0.61737459897995,
                0.602918554097414,
                0.5894069522619247,
                0.582911916077137,
                0.5820107646286488,
                0.5838543325662613,
                0.5825962275266647,
                0.5936700142920017,
                0.6017661765217781,
                0.6043250113725662,
                0.6105735190212727,
                0.6016041785478592
            ],
            "background N": [
                52,
                50,
                45,
                43,
                38,
                35,
                13,
                0,
                0,
                0,
                25,
                31,
                30,
                30,
                29,
                30,
                32,
                30,
                33,
                34,
                35,
                35,
                40,
                39
            ],
            "background sigma": [
                0.004430727124647248,
                0.007778955150465366,
                0.005479645631617031,
                0.005781141906027905,
                0.0067511239296335745,
                0.004031593070155856,
                0.002347725220861335,
                NaN,
                NaN,
                NaN,
                0.005765610882292956,
                0.015028176464349511,
                0.0073051926490654995,
                0.005706060562979223,
                0.007469604994208441,
                0.011161194571788395,
                0.005231160298105175,
                0.012882862679419326,
                0.007272805051916944,
                0.007957992727062838,
                0.008688735126165296,
                0.00901095416055253,
                0.012530896100993531,
                0.005403249785137014
            ]
        },
        "camera": "WFPC2",
        "plot limits": {
            "max": 0.7069739401340485,
            "min": 0.4289122447371483
        },
        "shell center": {
            "N": 233,
            "value": 0.6285742223262787,
            "delta": 0.02355670928955078
        },
        "background": {
            "N": 468,
            "value": 0.612294964492321,
            "delta": 0.06112757325172424
        },
        "date": "2005-04-10"
    },
    "star": {
        "Dec_dg": -5.382794444444444,
        "D": 32.47259998208594,
        "PA": 221.10784381664223,
        "RA": "5:35:17.819",
        "Dec": "-5:22:58.06",
        "RA_dg": 83.8242458333333,
        "id": "178-258"
    },
    "help": {
        "brightness": {
            "shell": "Trimean brightness and interquartile (difference between quartiles) of shell",
            "shell center": "Trimean brightness and interquartile (difference between quartiles) of shell center",
            "background": "Trimean brightness and interquartile (difference between quartiles) of background",
            "plot limits": "Minimum and maximum brightness for *-images.pdf"
        },
        "arcs": {
            "PA0": "[deg] Position angle of symmetry axis",
            "R0": "[arcsec] Radius along symmetry axis",
            "h": "[arcsec] Bowshock width along symmetry axis",
            "y": "(list) [arcsec] Dec offsets from star of shell points",
            "R": "(list) [arcsec] Radii of shell points from star",
            "x": "(list) [arcsec] RA offsets from star of shell points",
            "Y": "(list) [arcsec] Offsets from star perpendicular to axis of shell points",
            "X": "(list) [arcsec] Offsets from star parallel to axis of shell points",
            "theta": "(list) [deg] Angle from axis of shell points"
        },
        "star": {
            "Dec_dg": "[deg] Declination of source",
            "D": "[arcsec] Distance of th^1 C from source",
            "PA": "[deg] Position Angle of th^1 C from source",
            "RA": "[HH:MM:SS] Right ascension of source",
            "Dec": "[deg:arcmin:arcsec] Declination of source",
            "RA_dg": "[deg] Right ascension of source",
            "id": "Source identifier deduced from region filename"
        },
        "thickness": {
            "h0": "Shell thickness on axis: h0 = R0(outer) - R0(inner)"
        }
    },
    "WFC_mosaic_f656": {
        "filter": "F547M",
        "original FITS file": "$SMALL_FITS_DIR/mosaicf656-fixw-align.fits",
        "camera": "WFPC2",
        "date": "1995-03-21",
        "extracted FITS file": "178-258-WFC_mosaic_f656-extract.fits"
    },
    "WFC_mosaic_f658": {
        "filter": "F547M",
        "original FITS file": "$SMALL_FITS_DIR/mosaicf658-fixw-align.fits",
        "camera": "WFPC2",
        "date": "1995-03-21",
        "extracted FITS file": "178-258-WFC_mosaic_f658-extract.fits"
    },
    "WFC_mosaic_f547": {
        "filter": "F547M",
        "original FITS file": "$SMALL_FITS_DIR/mosaicf547-fixw-align.fits",
        "camera": "WFPC2",
        "date": "1995-03-21",
        "extracted FITS file": "178-258-WFC_mosaic_f547-extract.fits"
    },
    "info": {
        "region": "178-258-forma.reg",
        "description": "JSON data file for stationary bowshock arcs",