{
    "info": "Last iterated fit from circle_fit.py",
    "region file": "j8oc01010_wcs/189-329-forma.reg",
    "FITS file": "j8oc01010_wcs/189-329-Bally_01-extract.fits",
    "d theta": 65,
    "Pi": 1.1594715378098794,
    "Lambda": 1.3407403375892812,
    "d Lambda": 0.2263918737436328,
    "R0": 10.820868222318099,
    "axis angle": 126.73267119658446
}