{
    "info": "Last iterated fit from circle_fit.py",
    "region file": "j8oc01010_wcs/189-329-forma.reg",
    "FITS file": "j8oc01010_wcs/189-329-Bally_01-extract.fits",
    "d theta": 70,
    "Pi": 1.2286611863348718,
    "Lambda": 1.303200244247351,
    "d Lambda": 0.17747338556491288,
    "R0": 10.740190615929906,
    "axis angle": 122.68047483255071
}