{"dRA": 0.5637163952958536, "dDEC": 0.2825000000008515}