{
    "info": "Last iterated fit from circle_fit.py",
    "region file": "j8oc01010_wcs/LL1-forma.reg",
    "FITS file": "j8oc01010_wcs/LL1-Bally_01-extract.fits",
    "d theta": 60,
    "Pi": 2.427340192636562,
    "Lambda": 2.2358581655610763,
    "d Lambda": 0.057033076970192775,
    "R0": 60.883927135643866,
    "axis angle": -37.43984597592534
}