{
    "info": "Last iterated fit from circle_fit.py",
    "region file": "j8oc01010_wcs/LL1-forma.reg",
    "FITS file": "j8oc01010_wcs/LL1-Bally_01-extract.fits",
    "d theta": 65,
    "Pi": 2.6759935795355325,
    "Lambda": 2.4373663263022625,
    "d Lambda": 0.08976828135361692,
    "R0": 38.25049995946693,
    "axis angle": -41.13109840215409
}