{
    "info": "Last iterated fit from circle_fit.py",
    "region file": "j8oc01010_wcs/w005-514-forma.reg",
    "FITS file": "j8oc01010_wcs/w005-514-Bally_01-extract.fits",
    "d theta": 65,
    "Pi": 1.519218793585377,
    "Lambda": 1.6021886064856885,
    "d Lambda": 0.08191693100106434,
    "R0": 23.929117282072134,
    "axis angle": -26.969430767658107
}