{
    "info": "Last iterated fit from circle_fit.py",
    "region file": "j8oc01010_wcs/w005-514-forma.reg",
    "FITS file": "j8oc01010_wcs/w005-514-Bally_01-extract.fits",
    "d theta": 70,
    "Pi": 1.5542615772728376,
    "Lambda": 1.6059060876411562,
    "d Lambda": 0.06254550740930176,
    "R0": 23.860386606896057,
    "axis angle": -27.855337074339044
}