{
    "info": "Last iterated fit from circle_fit.py",
    "region file": "j8oc01010_wcs/w005-514-forma.reg",
    "FITS file": "j8oc01010_wcs/w005-514-Bally_01-extract.fits",
    "d theta": 75,
    "Pi": 1.6477549613318752,
    "Lambda": 1.617806717387591,
    "d Lambda": 0.03239171614281455,
    "R0": 23.65267882094395,
    "axis angle": -29.264589039315577
}