{"dRA": 0.6383823310610114, "dDEC": 0.24250000000058947}