{"dRA": 0.6234687720844528, "dDEC": 0.26249999999912177}