{"dRA": 0.5786668456517923, "dDEC": 0.3024999999993838}