{
    "info": "Last iterated fit from circle_fit.py",
    "region file": "j8oc01010_wcs/w014-414-forma.reg",
    "FITS file": "j8oc01010_wcs/w014-414-Bally_01-extract.fits",
    "d theta": 60,
    "Pi": 1.0243254842822436,
    "Lambda": 2.800273657352538,
    "d Lambda": 1.7760536573626085,
    "R0": 10.195352550775391,
    "axis angle": 39.06593182790741
}