{
    "info": "Last iterated fit from circle_fit.py",
    "region file": "j8oc01010_wcs/w030-524-forma.reg",
    "FITS file": "j8oc01010_wcs/w030-524-Bally_01-extract.fits",
    "d theta": 65,
    "Pi": 4.166122897938846,
    "Lambda": 2.826334020805076,
    "d Lambda": -0.6787854097840098,
    "R0": 12.285987965406576,
    "axis angle": -49.72343457844129
}