{
    "info": "Last iterated fit from circle_fit.py",
    "region file": "j8oc01010_wcs/w030-524-forma.reg",
    "FITS file": "j8oc01010_wcs/w030-524-Bally_01-extract.fits",
    "d theta": 70,
    "Pi": 4.391750402475217,
    "Lambda": 2.800193064845475,
    "d Lambda": -0.5765806963569231,
    "R0": 12.214208960489128,
    "axis angle": -48.14336742335333
}