{
    "info": "Last iterated fit from circle_fit.py",
    "region file": "j8oc01010_wcs/w030-524-forma.reg",
    "FITS file": "j8oc01010_wcs/w030-524-Bally_01-extract.fits",
    "d theta": 60,
    "Pi": 3.828337203136084,
    "Lambda": 2.8254980188693595,
    "d Lambda": -0.704775968477577,
    "R0": 12.33924484350798,
    "axis angle": -50.15514801179512
}