{
    "info": "Last iterated fit from circle_fit.py",
    "region file": "j8oc01010_wcs/w030-524-forma.reg",
    "FITS file": "j8oc01010_wcs/w030-524-Bally_01-extract.fits",
    "d theta": 75,
    "Pi": 5.087413039415731,
    "Lambda": 2.8248632957053186,
    "d Lambda": -0.5589429936901873,
    "R0": 12.064407167363726,
    "axis angle": -47.777711616485185
}