{
    "info": "Last iterated fit from circle_fit.py",
    "region file": "j8oc01010_wcs/w030-524-forma.reg",
    "FITS file": "j8oc01010_wcs/w030-524-Bally_01-extract.fits",
    "d theta": 70,
    "Pi": 3.174144579588678,
    "Lambda": 2.8026635358526573,
    "d Lambda": -0.6875741905092592,
    "R0": 12.574092006867795,
    "axis angle": -49.92498326795161
}