{"dRA": 0.5375818819048594, "dDEC": 0.2600000000001046}