{"dDEC": -0.04750000000051102, "dRA": 0.17545807015708503}