{
    "info": "Last iterated fit from circle_fit.py",
    "region file": "j8oc01010_wcs/w069-601-forma.reg",
    "FITS file": "j8oc01010_wcs/w069-601-Bally_01-extract.fits",
    "d theta": 60,
    "Pi": 6.588416344555534,
    "Lambda": 2.843862440184348,
    "d Lambda": -0.5087620513963436,
    "R0": 8.642250205552347,
    "axis angle": -39.47473805397702
}