{
    "info": "Last iterated fit from circle_fit.py",
    "region file": "j8oc01010_wcs/w069-601-forma.reg",
    "FITS file": "j8oc01010_wcs/w069-601-Bally_01-extract.fits",
    "d theta": 75,
    "Pi": 2.4374046650301358,
    "Lambda": 2.205512593290706,
    "d Lambda": -0.21643507564232012,
    "R0": 17.33594733338738,
    "axis angle": -31.40675193751605
}