{
    "info": "Last iterated fit from circle_fit.py",
    "region file": "j8oc01010_wcs/w069-601-forma.reg",
    "FITS file": "j8oc01010_wcs/w069-601-Bally_01-extract.fits",
    "d theta": 70,
    "Pi": 2.3949291715085246,
    "Lambda": 2.19334054876768,
    "d Lambda": -0.27461984502431536,
    "R0": 17.366183730299664,
    "axis angle": -32.56009909626282
}