{"dRA": 0.5786383164064137, "dDEC": 0.3824999999999079}