{
    "info": "Last iterated fit from circle_fit.py",
    "region file": "j8oc01010_wcs/w069-601-forma.reg",
    "FITS file": "j8oc01010_wcs/w069-601-Bally_01-extract.fits",
    "d theta": 65,
    "Pi": 2.4471688927605766,
    "Lambda": 2.1945710137780594,
    "d Lambda": -0.2886840789893139,
    "R0": 17.341081939127342,
    "axis angle": -32.82887042110492
}