{
    "info": "Last iterated fit from circle_fit.py",
    "region file": "j8oc01010_wcs/w069-601-forma.reg",
    "FITS file": "j8oc01010_wcs/w069-601-Bally_01-extract.fits",
    "d theta": 75,
    "Pi": 3.7453388297894765,
    "Lambda": 2.652896248398407,
    "d Lambda": -0.18973176859096696,
    "R0": 8.838581971063139,
    "axis angle": -35.40449034662663
}