{
    "info": "Last iterated fit from circle_fit.py",
    "region file": "j8oc01010_wcs/w069-601-forma.reg",
    "FITS file": "j8oc01010_wcs/w069-601-Bally_01-extract.fits",
    "d theta": 70,
    "Pi": 4.232660520906721,
    "Lambda": 2.7222365803788846,
    "d Lambda": -0.28666600382414176,
    "R0": 8.764493470858596,
    "axis angle": -36.368338220243224
}