{
    "info": "Last iterated fit from circle_fit.py",
    "region file": "j8oc01010_wcs/w069-601-forma.reg",
    "FITS file": "j8oc01010_wcs/w069-601-Bally_01-extract.fits",
    "d theta": 65,
    "Pi": 3.806468393209223,
    "Lambda": 2.7151676639563895,
    "d Lambda": -0.31989209979790734,
    "R0": 8.822814001641087,
    "axis angle": -36.85322011915522
}