{"dRA": 0.5488269931585859, "dDEC": -0.04750000000051102}