{"dDEC": -1.269999999999527, "dRA": 6.718567954859724}