{
    "info": "Last iterated fit from circle_fit.py",
    "region file": "j8oc14010_wcs/136-3057-forma.reg",
    "FITS file": "j8oc14010_wcs/136-3057-Bally_14-extract.fits",
    "d theta": 75,
    "Pi": 4.222700715873303,
    "Lambda": 2.349902855670564,
    "d Lambda": 0.3719892510748438,
    "R0": 87.87318244685665,
    "axis angle": 40.83451058551302
}