{
    "info": "Last iterated fit from circle_fit.py",
    "region file": "j8oc14010_wcs/136-3057-forma.reg",
    "FITS file": "j8oc14010_wcs/136-3057-Bally_14-extract.fits",
    "d theta": 70,
    "Pi": 1.763531029433148,
    "Lambda": 1.7764859579068952,
    "d Lambda": -0.20092748334817567,
    "R0": 205.51515850691712,
    "axis angle": 15.147819222951137
}