{
    "info": "Last iterated fit from circle_fit.py",
    "region file": "j8oc14010_wcs/136-3057-forma.reg",
    "FITS file": "j8oc14010_wcs/136-3057-Bally_14-extract.fits",
    "d theta": 65,
    "Pi": 1.7853838690359685,
    "Lambda": 1.777279747808949,
    "d Lambda": -0.198479360578819,
    "R0": 205.23265130348003,
    "axis angle": 15.306493425192738
}