{
    "info": "Last iterated fit from circle_fit.py",
    "region file": "j8oc14010_wcs/136-3057-forma.reg",
    "FITS file": "j8oc14010_wcs/136-3057-Bally_14-extract.fits",
    "d theta": 60,
    "Pi": 24.5863663973306,
    "Lambda": 2.448848296738614,
    "d Lambda": 0.40377609174539586,
    "R0": 83.7785335732451,
    "axis angle": 42.61079766218789
}