{
    "info": "Last iterated fit from circle_fit.py",
    "region file": "j8oc14010_wcs/136-3057-forma.reg",
    "FITS file": "j8oc14010_wcs/136-3057-Bally_14-extract.fits",
    "d theta": 60,
    "Pi": 1.8203915359468599,
    "Lambda": 1.7704397527975446,
    "d Lambda": -0.17855609599870492,
    "R0": 204.90329696334118,
    "axis angle": 16.390272670280698
}