{
    "info": "Last iterated fit from circle_fit.py",
    "region file": "j8oc14010_wcs/136-3057-forma.reg",
    "FITS file": "j8oc14010_wcs/136-3057-Bally_14-extract.fits",
    "d theta": 70,
    "Pi": 5.978539440221214,
    "Lambda": 2.393086802776174,
    "d Lambda": 0.3833271512687524,
    "R0": 86.13735734256399,
    "axis angle": 41.09602745034365
}