{
    "info": "Last iterated fit from circle_fit.py",
    "region file": "j8oc14010_wcs/136-3057-forma.reg",
    "FITS file": "j8oc14010_wcs/136-3057-Bally_14-extract.fits",
    "d theta": 75,
    "Pi": 1.867864511224183,
    "Lambda": 1.7812851278767616,
    "d Lambda": -0.18782645382128071,
    "R0": 204.01345050155635,
    "axis angle": 15.971648476576068
}