{"dDEC": -1.3199999999990553, "dRA": 6.617169197521044}