{
    "info": "Last iterated fit from circle_fit.py",
    "region file": "j8oc14010_wcs/203-3039-forma.reg",
    "FITS file": "j8oc14010_wcs/203-3039-Bally_14-extract.fits",
    "d theta": 70,
    "Pi": 3.1165177028025375,
    "Lambda": 2.3760672304879256,
    "d Lambda": 0.04590977679018482,
    "R0": 111.01739418849449,
    "axis angle": 50.68081869025544
}