{
    "info": "Last iterated fit from circle_fit.py",
    "region file": "j8oc14010_wcs/203-3039-forma.reg",
    "FITS file": "j8oc14010_wcs/203-3039-Bally_14-extract.fits",
    "d theta": 75,
    "Pi": 3.172678576930664,
    "Lambda": 2.383094561450071,
    "d Lambda": 0.07137061751717932,
    "R0": 110.79763454778534,
    "axis angle": 51.165291068972294
}