{
    "info": "Last iterated fit from circle_fit.py",
    "region file": "j8oc08010_wcs/308-3036-forma.reg",
    "FITS file": "j8oc08010_wcs/308-3036-Bally_08-extract.fits",
    "d theta": 60,
    "Pi": 1.0684458241092412,
    "Lambda": 2.055128249365143,
    "d Lambda": 0.9596634276464738,
    "R0": 26.064565662610324,
    "axis angle": -163.74797661402886
}