{"dDEC": -0.2825000000008515, "dRA": 4.430554641338846}