{
    "info": "Last iterated fit from circle_fit.py",
    "region file": "j8oc08010_wcs/LL6-forma.reg",
    "FITS file": "j8oc08010_wcs/LL6-Bally_08-extract.fits",
    "d theta": 75,
    "Pi": 6.513837929479209,
    "Lambda": 4.180753503411079,
    "d Lambda": 0.3983133261271248,
    "R0": 31.699003657684255,
    "axis angle": 29.86499471035116
}