{
    "info": "Last iterated fit from circle_fit.py",
    "region file": "j8oc08010_wcs/LL6-forma.reg",
    "FITS file": "j8oc08010_wcs/LL6-Bally_08-extract.fits",
    "d theta": 70,
    "Pi": 6.136788213663935,
    "Lambda": 3.741484680918135,
    "d Lambda": 0.10569972620924495,
    "R0": 75.54729985438524,
    "axis angle": 32.93838638838881
}