{
    "info": "Last iterated fit from circle_fit.py",
    "region file": "j8oc08010_wcs/LL6-forma.reg",
    "FITS file": "j8oc08010_wcs/LL6-Bally_08-extract.fits",
    "d theta": 65,
    "Pi": 5.88070558744706,
    "Lambda": 3.6976635392806863,
    "d Lambda": 0.28688736144779114,
    "R0": 75.88286172029957,
    "axis angle": 34.553201679013874
}