{
    "info": "Last iterated fit from circle_fit.py",
    "region file": "j8oc08010_wcs/LL6-forma.reg",
    "FITS file": "j8oc08010_wcs/LL6-Bally_08-extract.fits",
    "d theta": 65,
    "Pi": 4.676543401338247,
    "Lambda": 4.1685069528719145,
    "d Lambda": 0.6788331908203489,
    "R0": 32.583537514801264,
    "axis angle": 31.16014071814509
}