{
    "info": "Last iterated fit from circle_fit.py",
    "region file": "j8oc08010_wcs/LL6-forma.reg",
    "FITS file": "j8oc08010_wcs/LL6-Bally_08-extract.fits",
    "d theta": 60,
    "Pi": 4.683617260077578,
    "Lambda": 4.110986413545566,
    "d Lambda": 0.5185394271417452,
    "R0": 32.591011469629045,
    "axis angle": 30.454282933647825
}