{
    "info": "Last iterated fit from circle_fit.py",
    "region file": "j8oc08010_wcs/LL6-forma.reg",
    "FITS file": "j8oc08010_wcs/LL6-Bally_08-extract.fits",
    "d theta": 60,
    "Pi": 5.334447441117886,
    "Lambda": 3.6884204886558427,
    "d Lambda": 0.3201165904168348,
    "R0": 76.15708880312452,
    "axis angle": 34.9556244447041
}