{"dRA": 0.67204639407842, "dDEC": -0.019999999998532303}