{"dRA": 0.4293646587078371, "dDEC": -0.055000000000759997}