{
    "info": "Last iterated fit from circle_fit.py",
    "region file": "j8oc09010_wcs/072-134-forma.reg",
    "FITS file": "j8oc09010_wcs/072-134-Bally_09-extract.fits",
    "d theta": 75,
    "Pi": 3.1126745419408866,
    "Lambda": 2.508721613624551,
    "d Lambda": 0.26694627616805766,
    "R0": 45.001127742468306,
    "axis angle": -50.07030454127039
}