{
    "info": "Last iterated fit from circle_fit.py",
    "region file": "j8oc09010_wcs/072-134-forma.reg",
    "FITS file": "j8oc09010_wcs/072-134-Bally_09-extract.fits",
    "d theta": 75,
    "Pi": 2.843355990231681,
    "Lambda": 2.2095900938880786,
    "d Lambda": 0.1446538395960224,
    "R0": 97.56179231407026,
    "axis angle": -57.03440013982139
}