{
    "info": "Last iterated fit from circle_fit.py",
    "region file": "j8oc09010_wcs/072-134-forma.reg",
    "FITS file": "j8oc09010_wcs/072-134-Bally_09-extract.fits",
    "d theta": 70,
    "Pi": 2.878654478446631,
    "Lambda": 2.5107448564146173,
    "d Lambda": 0.2986542399022627,
    "R0": 45.250191151094285,
    "axis angle": -49.28810949092907
}