{
    "info": "Last iterated fit from circle_fit.py",
    "region file": "j8oc09010_wcs/072-134-forma.reg",
    "FITS file": "j8oc09010_wcs/072-134-Bally_09-extract.fits",
    "d theta": 70,
    "Pi": 2.769652405743622,
    "Lambda": 2.213753548490196,
    "d Lambda": 0.21535842040742792,
    "R0": 97.62760774594229,
    "axis angle": -55.069741672202944
}