{
    "info": "Last iterated fit from circle_fit.py",
    "region file": "j8oc09010_wcs/072-134-forma.reg",
    "FITS file": "j8oc09010_wcs/072-134-Bally_09-extract.fits",
    "d theta": 60,
    "Pi": 2.7162963199332544,
    "Lambda": 2.492777052774544,
    "d Lambda": 0.28214096197914795,
    "R0": 45.44376805458967,
    "axis angle": -49.64897435293163
}