{
    "info": "Last iterated fit from circle_fit.py",
    "region file": "j8oc09010_wcs/4578-251-forma.reg",
    "FITS file": "j8oc09010_wcs/4578-251-Bally_09-extract.fits",
    "d theta": 65,
    "Pi": 1.4158818155983945,
    "Lambda": 1.476090906091614,
    "d Lambda": -0.4555500546926705,
    "R0": 24.412609518775632,
    "axis angle": -60.22759089594338
}