{
    "info": "Last iterated fit from circle_fit.py",
    "region file": "j8oc09010_wcs/4578-251-forma.reg",
    "FITS file": "j8oc09010_wcs/4578-251-Bally_09-extract.fits",
    "d theta": 60,
    "Pi": 2.0637065846350406,
    "Lambda": 1.6078751861665768,
    "d Lambda": -0.1598069664747731,
    "R0": 37.634362719550055,
    "axis angle": -37.16265775715724
}