{
    "info": "Last iterated fit from circle_fit.py",
    "region file": "j8oc09010_wcs/4578-251-forma.reg",
    "FITS file": "j8oc09010_wcs/4578-251-Bally_09-extract.fits",
    "d theta": 60,
    "Pi": 1.781584792721262,
    "Lambda": 1.69802513862827,
    "d Lambda": -0.6697746268533428,
    "R0": 24.112506633468296,
    "axis angle": -69.26640884290869
}