{
    "info": "Last iterated fit from circle_fit.py",
    "region file": "j8oc09010_wcs/4578-251-forma.reg",
    "FITS file": "j8oc09010_wcs/4578-251-Bally_09-extract.fits",
    "d theta": 70,
    "Pi": 1.2380667506145357,
    "Lambda": 1.2835684956131104,
    "d Lambda": -0.2663164678601754,
    "R0": 24.605868230286614,
    "axis angle": -48.55082184839641
}