{"dDEC": -0.015000000000497948, "dRA": 0.3248123293885019}