{
    "info": "Last iterated fit from circle_fit.py",
    "region file": "j8oc09010_wcs/w000-400-forma.reg",
    "FITS file": "j8oc09010_wcs/w000-400-Bally_09-extract.fits",
    "d theta": 60,
    "Pi": 3.3729806443681696,
    "Lambda": 2.4100569727080314,
    "d Lambda": 0.10641920239958003,
    "R0": 15.908232722459097,
    "axis angle": -28.206473607447382
}