{
    "info": "Last iterated fit from circle_fit.py",
    "region file": "j8oc09010_wcs/w000-400-forma.reg",
    "FITS file": "j8oc09010_wcs/w000-400-Bally_09-extract.fits",
    "d theta": 70,
    "Pi": 2.4938035495889106,
    "Lambda": 2.4000353254450753,
    "d Lambda": 0.09677456371605153,
    "R0": 29.31667787975747,
    "axis angle": -29.21923567326522
}