{
    "info": "Last iterated fit from circle_fit.py",
    "region file": "j8oc09010_wcs/w000-400-forma.reg",
    "FITS file": "j8oc09010_wcs/w000-400-Bally_09-extract.fits",
    "d theta": 75,
    "Pi": 3.6754145884089446,
    "Lambda": 2.4326937038729306,
    "d Lambda": 0.13318010990936546,
    "R0": 15.813282939615984,
    "axis angle": -27.687663130487937
}