{
    "info": "Last iterated fit from circle_fit.py",
    "region file": "j8oc09010_wcs/w000-400-forma.reg",
    "FITS file": "j8oc09010_wcs/w000-400-Bally_09-extract.fits",
    "d theta": 60,
    "Pi": 2.2070030404960446,
    "Lambda": 2.4235933156351503,
    "d Lambda": 0.17548005752746,
    "R0": 29.310301307693372,
    "axis angle": -27.850477619502563
}