{
    "info": "Last iterated fit from circle_fit.py",
    "region file": "j8oc09010_wcs/w000-400-forma.reg",
    "FITS file": "j8oc09010_wcs/w000-400-Bally_09-extract.fits",
    "d theta": 75,
    "Pi": 2.490128285514779,
    "Lambda": 2.3994755816591606,
    "d Lambda": 0.0958131032891043,
    "R0": 29.32079297859383,
    "axis angle": -29.236642425818193
}