{"dDEC": 0.32500000000013074, "dRA": 0.8624054944529375}