{
    "info": "Last iterated fit from circle_fit.py",
    "region file": "j8oc09010_wcs/w000-400-forma.reg",
    "FITS file": "j8oc09010_wcs/w000-400-Bally_09-extract.fits",
    "d theta": 60,
    "Pi": 2.0719002537982414,
    "Lambda": 2.417712315336451,
    "d Lambda": 0.24354452246192637,
    "R0": 29.631429987923543,
    "axis angle": -26.680502273343713
}