{
    "info": "Last iterated fit from circle_fit.py",
    "region file": "j8oc09010_wcs/w000-400-forma.reg",
    "FITS file": "j8oc09010_wcs/w000-400-Bally_09-extract.fits",
    "d theta": 65,
    "Pi": 2.85735716838668,
    "Lambda": 2.4577620529733557,
    "d Lambda": 0.14569207814554108,
    "R0": 28.793032556737344,
    "axis angle": -28.467477380208237
}