{
    "info": "Last iterated fit from circle_fit.py",
    "region file": "j8oc07010_wcs/261-3018-forma.reg",
    "FITS file": "j8oc07010_wcs/261-3018-Bally_07-extract.fits",
    "d theta": 70,
    "Pi": 1.651501781953443,
    "Lambda": 3.151984217417505,
    "d Lambda": 0.9104799638907881,
    "R0": 49.52804108376226,
    "axis angle": 53.28667061216685
}