{
    "info": "Last iterated fit from circle_fit.py",
    "region file": "j8oc07010_wcs/261-3018-forma.reg",
    "FITS file": "j8oc07010_wcs/261-3018-Bally_07-extract.fits",
    "d theta": 75,
    "Pi": 1.6888956319149855,
    "Lambda": 3.1477984783294906,
    "d Lambda": 0.8651931329015268,
    "R0": 49.40364700123444,
    "axis angle": 52.609800646245404
}