{
    "info": "Last iterated fit from circle_fit.py",
    "region file": "j8oc07010_wcs/261-3018-forma.reg",
    "FITS file": "j8oc07010_wcs/261-3018-Bally_07-extract.fits",
    "d theta": 60,
    "Pi": 1.457391588217585,
    "Lambda": 3.5066206534405238,
    "d Lambda": -0.1771785180927432,
    "R0": 50.02706796712451,
    "axis angle": 47.19946570221805
}