{"dDEC": 0.14249999999833562, "dRA": -0.24264010853428333}