{
    "info": "Last iterated fit from circle_fit.py",
    "region file": "j8oc07010_wcs/LL5-forma.reg",
    "FITS file": "j8oc07010_wcs/LL5-Bally_07-extract.fits",
    "d theta": 60,
    "Pi": 4.311528814465359,
    "Lambda": 2.692698953137014,
    "d Lambda": -0.0550502606311174,
    "R0": 59.273025995190146,
    "axis angle": 65.23421739245808
}