{
    "info": "Last iterated fit from circle_fit.py",
    "region file": "j8oc07010_wcs/LL5-forma.reg",
    "FITS file": "j8oc07010_wcs/LL5-Bally_07-extract.fits",
    "d theta": 75,
    "Pi": 2.683281315202298,
    "Lambda": 2.8308161193039973,
    "d Lambda": -0.5675636547030398,
    "R0": 61.35906407194255,
    "axis angle": 59.289953280837835
}