{
    "info": "Last iterated fit from circle_fit.py",
    "region file": "j8oc07010_wcs/LL5-forma.reg",
    "FITS file": "j8oc07010_wcs/LL5-Bally_07-extract.fits",
    "d theta": 65,
    "Pi": 2.894970870771952,
    "Lambda": 2.0436087307287214,
    "d Lambda": -0.4718580715993158,
    "R0": 29.220548744979347,
    "axis angle": 66.34458181612844
}