{
    "info": "Last iterated fit from circle_fit.py",
    "region file": "j8oc07010_wcs/LL5-forma.reg",
    "FITS file": "j8oc07010_wcs/LL5-Bally_07-extract.fits",
    "d theta": 65,
    "Pi": 2.257667940475629,
    "Lambda": 2.786087563438632,
    "d Lambda": -0.565112708003388,
    "R0": 62.43357769601804,
    "axis angle": 59.20424867572136
}