{
    "info": "Last iterated fit from circle_fit.py",
    "region file": "j8oc07010_wcs/LL5-forma.reg",
    "FITS file": "j8oc07010_wcs/LL5-Bally_07-extract.fits",
    "d theta": 60,
    "Pi": 1.9789418464311308,
    "Lambda": 2.875556226079599,
    "d Lambda": -0.7625200912152936,
    "R0": 63.09441903238666,
    "axis angle": 57.120529912954396
}