{"dDEC": 0.18250000000179512, "dRA": -0.18291287778980134}