{
    "info": "Last iterated fit from circle_fit.py",
    "region file": "j8oc07010_wcs/LL5-forma.reg",
    "FITS file": "j8oc07010_wcs/LL5-Bally_07-extract.fits",
    "d theta": 60,
    "Pi": 2.3478379620782945,
    "Lambda": 2.031787508048184,
    "d Lambda": -0.4935829709706486,
    "R0": 29.59699805543007,
    "axis angle": 65.71312701164254
}