{
    "info": "Last iterated fit from circle_fit.py",
    "region file": "j8oc07010_wcs/LL5-forma.reg",
    "FITS file": "j8oc07010_wcs/LL5-Bally_07-extract.fits",
    "d theta": 70,
    "Pi": 2.17572555782907,
    "Lambda": 2.89065978949223,
    "d Lambda": -0.596060766304741,
    "R0": 61.10598251135678,
    "axis angle": 58.73297262119315
}