{
    "star": {
        "id": "102-021",
        "RA": "5:35:10.1878",
        "Dec": "-5:20:20.978",
        "RA_dg": 83.79244916666666,
        "Dec_dg": -5.339160555555555,
        "PA": 152.97314593491782,
        "D": 203.80835721654705
    },
    "inner": {
        "PA0": 177.72247492946528,
        "R0": 0.33115698237590996,
        "x": [
            0.8393424794085306,
            0.7407719981594146,
            0.6780453253538271,
            0.6063577028961213,
            0.5436310370845888,
            0.46298246803956045,
            0.3957753312495996,
            0.21058233900325765,
            0.13740124297946907,
            0.07318109705657631,
            0.01045444242464834,
            -0.09707696537508277,
            -0.17473853860322067,
            -0.2583740783809317,
            -0.3673989766485438,
            -0.4480475345179413,
            -0.5107741957820593
        ],
        "y": [
            -0.06200015959698453,
            -0.09800012431381964,
            -0.13600010414599606,
            -0.1760000832984916,
            -0.20400006694893325,
            -0.24500004855509325,
            -0.26900003547526874,
            -0.34300001003543823,
            -0.3350000042779173,
            -0.32700000120629524,
            -0.3310000000258313,
            -0.33000000213700714,
            -0.31800000692402,
            -0.31900001513227394,
            -0.33000003058815497,
            -0.3200000454925058,
            -0.2920000590959047
        ],
        "X": [
            0.09530652236340943,
            0.12736087374011218,
            0.16283808769493938,
            0.19995761435065096,
            0.22544273179467642,
            0.2632053643435378,
            0.2845155915956359,
            0.35109757003395653,
            0.3401956784621116,
            0.3296498963326483,
            0.3311539879284769,
            0.3258814986124852,
            0.310804723870349,
            0.30848027883353285,
            0.3151389724983708,
            0.3019419256828706,
            0.2714713098545425
        ],
        "Y": [
            -0.8362155728786113,
            -0.7362923233762328,
            -0.6721050875850847,
            -0.5988845010899291,
            -0.5350946705750194,
            -0.45288047615765703,
            -0.384772673211614,
            -0.19678522480268854,
            -0.12397985640502796,
            -0.06012835939218185,
            0.0027077043001025223,
            0.11011442902245147,
            0.18723777636134775,
            0.27084698928430534,
            0.380222903364923,
            0.46041035589757473,
            0.5219747517980925
        ],
        "R": [
            0.8416292637080243,
            0.7472263228919441,
            0.6915500643929542,
            0.6313839506849512,
            0.5806468219122833,
            0.5238108337023974,
            0.4785385375405268,
            0.4024846933541618,
            0.3620830076633088,
            0.33508875504158764,
            0.33116505761253046,
            0.34398246847311814,
            0.3628464706688849,
            0.41050965157178315,
            0.493844133538691,
            0.5505875246523586,
            0.5883488026577612
        ],
        "theta": [
            -83.4978495747661,
            -80.1863157975824,
            -76.38077353068628,
            -71.53668921013579,
            -67.15363992569445,
            -59.835674999552474,
            -53.51936567009782,
            -29.270014047012836,
            -20.023606381542173,
            -10.337148865147984,
            0.4684726048762203,
            18.66996432865648,
            31.065978471236097,
            41.2832694886335,
            50.34714691513182,
            56.74271856963586,
            62.521728817711846
        ],
        "Rc": 1.67259497198457,
        "xc": -0.10637553248620676,
        "yc": 1.3315742505102452,
        "PAc": 175.43250946844535
    },
    "outer": {
        "PA0": 177.92051602665813,
        "R0": 0.6204985388410236,
        "x": [
            1.0051199594271674,
            0.897588530682068,
            0.8214204475253903,
            0.7198629999426355,
            0.6242795205550957,
            0.5436309636799698,
            0.45551495440231693,
            0.3315551397413649,
            0.21954326431288984,
            0.10155742748189468,
            -0.03285681469636982,
            -0.17025803957787145,
            -0.3106462494926841,
            -0.42863208134760306,
            -0.5705137851274716,
            -0.7004475653059354,
            -0.7870700826072698,
            -0.8647316585039765
        ],
        "y": [
            -0.3410002288627613,
            -0.39400018252701224,
            -0.4070001528545761,
            -0.43900011739804395,
            -0.4760000882740339,
            -0.5020000669510349,
            -0.5090000470116628,
            -0.5580000249025466,
            -0.5970000109161568,
            -0.6170000023324262,
            -0.6220000002472073,
            -0.6250000065722832,
            -0.6120000218679209,
            -0.6290000416262758,
            -0.6120000737441853,
            -0.5730001111453344,
            -0.5620001403423203,
            -0.5320001693971501
        ],
        "X": [
            0.3772473202772771,
            0.42631049892218387,
            0.4365380826132531,
            0.4648318727947773,
            0.49833914721968964,
            0.5213956002075468,
            0.5251936039710635,
            0.5696633226716379,
            0.604573176406638,
            0.6202787775608769,
            0.6203981443903682,
            0.6184104514430975,
            0.6003249188831083,
            0.6130325241889071,
            0.5908954499057274,
            0.5472064098424798,
            0.5330705092580805,
            0.5002722765626868
        ],
        "Y": [
            -0.9920845469348567,
            -0.882700783251058,
            -0.8061111452304858,
            -0.7034594315211127,
            -0.606596322252073,
            -0.5250574444521934,
            -0.43674546350237614,
            -0.3110892754224552,
            -0.197736016720877,
            -0.0791021621862416,
            0.05540499089888208,
            0.19282458816810294,
            0.33264862972541454,
            0.4511736226917659,
            0.5923450316868296,
            0.7207780963256877,
            0.8069444248766657,
            0.8834662816205386
        ],
        "R": [
            1.0613893201475726,
            0.9802557392044755,
            0.9167227912714185,
            0.8431629983353794,
            0.7850484085847116,
            0.7399585744421482,
            0.6830628972078777,
            0.6490707499804307,
            0.6360882469744672,
            0.6253022580760078,
            0.6228672174545048,
            0.6477752760458322,
            0.6863272682111695,
            0.761161292714123,
            0.83667799617497,
            0.9049618329606935,
            0.9671212295675254,
            1.015275835158916
        ],
        "theta": [
            -69.1803316282094,
            -64.22124579325546,
            -61.562866761532824,
            -56.54407250073512,
            -50.59575270206791,
            -45.200493815904515,
            -39.746553203586316,
            -28.63865440173237,
            -18.111219651109316,
            -7.267518913189755,
            5.103292159459096,
            17.317834000000204,
            28.991464091353485,
            36.351957951687666,
            45.07019272739323,
            52.794651468330336,
            56.55109961976939,
            60.478825293667704
        ],
        "Rc": 2.6919903261226876,
        "xc": -0.22340517514020986,
        "yc": 2.069866741885057,
        "PAc": 173.83979007788304
    },
    "thickness": {
        "h0": 0.2893415564651136
    },
    "help": {
        "arcs": {
            "PA0": "[deg] Position angle of symmetry axis",