{
    "star": {
        "id": "102-021",
        "RA": "5:35:10.1870",
        "Dec": "-5:20:20.921",
        "RA_dg": 83.79244583333333,
        "Dec_dg": -5.339144722222222,
        "PA": 152.9774345098903,
        "D": 203.86456226376467
    },
    "inner": {
        "PA0": 178.4776589604195,
        "R0": 0.3885195987024861,
        "x": [
            0.8512904150282723,
            0.7527199335850076,
            0.6899932605746782,
            0.6183056378997641,
            0.5555789719379297,
            0.4749304026734575,
            0.4077232657561659,
            0.22253027311433354,
            0.1493491771348802,
            0.08512903125668594,
            0.022402376603693663,
            -0.08512903119124891,
            -0.1627906043541235,
            -0.24642614413888045,
            -0.35545104247008125,
            -0.4360996002861117,
            -0.4988262614038307
        ],
        "y": [
            -0.1190001641755734,
            -0.1550001283520035,
            -0.19300010784764732,
            -0.23300008660932311,
            -0.2610000699176107,
            -0.3020000510841155,
            -0.32600003764286956,
            -0.400000011202941,
            -0.3920000050485346,
            -0.38400000163263087,
            -0.38800000011597,
            -0.38700000164827714,
            -0.37500000602107164,
            -0.37600001377642656,
            -0.3870000286384474,
            -0.37700004311105473,
            -0.34900005637224457
        ],
        "X": [
            0.14157417100708602,
            0.17494273261122711,
            0.21126285665873915,
            0.24934421085992722,
            0.27566786848656744,
            0.31451080901887174,
            0.3367168502318057,
            0.405770731303057,
            0.39582936585651696,
            0.38612606635561403,
            0.38845821044576756,
            0.38460180626357454,
            0.3705428315120377,
            0.36932056288470294,
            0.37742025935995877,
            0.365281234351688,
            0.33562468770056814
        ],
        "Y": [
            -0.8478284991060857,
            -0.7483364073141654,
            -0.6846223387124235,
            -0.6118973498302036,
            -0.5484489555470747,
            -0.4667396161123198,
            -0.3989185991552627,
            -0.2118250340079639,
            -0.138882301948609,
            -0.07489735707821941,
            -0.012086575394138812,
            0.09538031162731143,
            0.17269567277967965,
            0.2563282596702038,
            0.3656069112911955,
            0.44596133655951686,
            0.5079219895021763
        ],
        "R": [
            0.8595675713943736,
            0.7685130696386079,
            0.7164773138541648,
            0.6607502570703899,
            0.6138314349694096,
            0.5628169491392213,
            0.522029008755285,
            0.45773325356007594,
            0.41948680631089813,
            0.39332296299169,
            0.3886461971607164,
            0.3962523857686249,
            0.4088102070420754,
            0.44955739886585033,
            0.5254659510940995,
            0.5764649979620996,
            0.6087928041739264
        ],
        "theta": [
            -80.5199634632192,
            -76.84195277830537,
            -72.8506602847077,
            -67.82942229691227,
            -63.314444472113514,
            -56.026081973470845,
            -49.833155470535495,
            -27.56596954454875,
            -19.33413901607671,
            -10.97741440785859,
            -1.7821387172016432,
            13.928210532597591,
            24.98840457583815,
            34.76272000969023,
            44.089134300009576,
            50.67953263571205,
            56.54407000041088
        ],
        "Rc": 0.8473029061649581,
        "xc": -0.010321698149422201,
        "yc": 0.3883824675796438,
        "PAc": 178.47765896041952
    },
    "outer": {
        "PA0": 177.987843720751,
        "R0": 0.6779298909911396,
        "x": [
            1.0170678935391275,
            0.9095364645070068,
            0.8333683812810123,
            0.7318109335262444,
            0.636227453941511,
            0.5555788969253658,
            0.467462887611152,
            0.34350307268788227,
            0.23149119705046195,
            0.1135053601123719,
            -0.020908882092534584,
            -0.15831010699064255,
            -0.2986983168367253,
            -0.4166841487857926,
            -0.5585658524755286,
            -0.6884996324465747,
            -0.7751221496879042,
            -0.8527837254242362
        ],
        "y": [
            -0.3980002343331996,
            -0.45100018741369796,
            -0.46400015732821726,
            -0.4960001213185544,
            -0.5330000916813222,
            -0.5590000699205642,
            -0.5660000495060744,
            -0.6150000267224712,
            -0.6540000121312054,
            -0.6740000029142529,
            -0.6790000001016983,
            -0.6820000056850744,
            -0.6690000202249213,
            -0.6860000393465626,
            -0.6690000706952882,
            -0.6300001073951805,
            -0.6190001361228795,
            -0.5890001647562846
        ],
        "X": [
            0.433465641075868,
            0.48265732098388736,
            0.4929748968908344,
            0.5213892919472962,
            0.5550103655573848,
            0.5781626176771544,
            0.5820643928388386,
            0.6266817374419238,
            0.6617247667059669,
            0.677569761797071,
            0.6778471857823587,
            0.6760209738147067,
            0.6580997587751335,
            0.6709466321625285,
            0.6489754614619461,
            0.60543737123631,
            0.5914027331072199,
            0.5586944426841185
        ],
        "Y": [
            -1.0024663708095582,
            -0.8931403360143091,
            -0.816562769145775,
            -0.7139443738970644,
            -0.6171207053770386,
            -0.5356089771472302,
            -0.44730152014473346,
            -0.32169767448868586,
            -0.2083855160691507,
            -0.08977019884634664,
            0.04473672110696294,
            0.1821585592072079,
            0.3220037562547198,
            0.44051373488528883,
            0.5817110593432694,
            0.7101953736173405,
            0.7963782535518228,
            0.8729385981529583
        ],
        "R": [
            1.092168158571472,
            1.01521315462079,
            0.9538338455514908,
            0.8840607234667617,
            0.8299846208702879,
            0.7881300583533163,
            0.7340828341097722,
            0.7044284163878235,
            0.6937609027463804,
            0.6834906515107958,
            0.6793218541225254,
            0.7001329143311505,
            0.7326538824998049,
            0.8026342466110115,
            0.8715256198999629,
            0.9332373112970824,
            0.9919553999333544,
            1.0364175203224661
        ],
        "theta": [
            -66.61638383024963,
            -61.61299987371563,
            -58.87979927660561,
            -53.859568480397016,
            -48.03322323248658,
            -42.811976273190574,
            -37.54135161516113,
            -27.173017071578723,
            -17.47987547301387,
            -7.547078028626073,
            3.775944569580385,
            15.080571561407515,
            26.07219028949563,
            33.28712303982888,
            41.8715545931373,
            49.55260358599512,
            53.4018527027643,
            57.380117160908
        ],
        "Rc": 1.409297233312026,
        "xc": -0.023803158258946928,
        "yc": 0.6775118794206918,
        "PAc": 177.98784372075102
    },
    "thickness": {
        "h0": 0.28941029228865356
    },
    "help": {
        "arcs": {
            "PA0": "[deg] Position angle of symmetry axis",