{"dRA": 0.3639599063512424, "dDEC": -0.04624999999940371}