{"dDEC": 0.2400000000015723, "dRA": -0.08960823531656172}