{"dRA": 0.4032387936732344, "dDEC": -0.34999999999989484}