{"dDEC": 0.23000000000230614, "dRA": -0.3584344830104142}